device_id,device_type,operating_system,browser,mac_address,device_fingerprint
D0001,Desktop,Windows 10,Firefox,f5:45:e9:aa:47:ff,Windows 10_Firefox_a4ee0b8e
D0002,Desktop,Ubuntu 22.04,Edge,fb:37:c6:bc:6f:dd,Ubuntu 22.04_Edge_5d532bdd
D0003,Workstation,Windows 11,Firefox,be:01:5c:90:12:c7,Windows 11_Firefox_1804c6cf
D0004,Workstation,Windows 10,Chrome,92:1a:fc:5f:5f:c5,Windows 10_Chrome_102550c7
D0005,Workstation,Ubuntu 22.04,Edge,f9:10:b7:cc:c2:2e,Ubuntu 22.04_Edge_623e33bb
D0006,Workstation,Windows 11,Edge,2e:f5:20:bd:32:71,Windows 11_Edge_36bc6ad9
D0007,Workstation,Windows 11,Edge,f1:ad:b4:61:ce:18,Windows 11_Edge_028452d0
D0008,Workstation,Windows 10,Brave,d2:eb:32:ce:ce:96,Windows 10_Brave_64390469
D0009,Workstation,Ubuntu 22.04,Firefox,a1:fa:36:dc:0e:43,Ubuntu 22.04_Firefox_7e481edc
D0010,Desktop,macOS Sonoma,Brave,39:12:2c:48:81:3a,macOS Sonoma_Brave_a157e918
D0011,Laptop,Ubuntu 22.04,Edge,15:aa:58:1e:40:82,Ubuntu 22.04_Edge_ba8e5122
D0012,Workstation,Ubuntu 22.04,Firefox,05:e7:11:8c:22:6a,Ubuntu 22.04_Firefox_26766f4f
D0013,Laptop,Windows 11,Brave,36:6b:c0:ea:96:de,Windows 11_Brave_74cf343d
D0014,Desktop,Windows 10,Chrome,8a:43:59:63:a7:fb,Windows 10_Chrome_81c6f3b5
D0015,Laptop,macOS Sonoma,Brave,b6:fa:20:db:48:52,macOS Sonoma_Brave_db6ca9e6
D0016,Desktop,Windows 11,Edge,e6:5d:05:21:84:28,Windows 11_Edge_ab776d86
D0017,Laptop,macOS Sonoma,Chrome,fc:33:0d:73:cd:a1,macOS Sonoma_Chrome_df05a375
D0018,Desktop,Windows 11,Firefox,f7:f1:26:9f:69:20,Windows 11_Firefox_e1d9a372
D0019,Laptop,Ubuntu 22.04,Chrome,a0:da:0b:9c:71:9d,Ubuntu 22.04_Chrome_752af601
D0020,Workstation,macOS Sonoma,Brave,ef:91:94:6b:ff:dd,macOS Sonoma_Brave_55370cfe
D0021,Desktop,Windows 10,Edge,a2:4e:d1:59:6b:15,Windows 10_Edge_3c4b9283
D0022,Laptop,Windows 11,Edge,67:d6:62:93:5a:d3,Windows 11_Edge_4748db20
D0023,Workstation,macOS Sonoma,Chrome,7f:de:f9:5b:21:63,macOS Sonoma_Chrome_1a577231
D0024,Workstation,Windows 10,Edge,f7:af:83:54:31:6d,Windows 10_Edge_491cee36
D0025,Workstation,macOS Sonoma,Edge,f4:6e:26:92:9f:12,macOS Sonoma_Edge_97de7789
D0026,Workstation,Windows 11,Brave,20:19:6a:e1:2d:51,Windows 11_Brave_aebcbe82
D0027,Desktop,Ubuntu 22.04,Firefox,3f:54:66:07:42:c4,Ubuntu 22.04_Firefox_471ffd4a
D0028,Laptop,Ubuntu 22.04,Edge,54:57:fe:81:0b:ff,Ubuntu 22.04_Edge_315eed0c
D0029,Laptop,macOS Sonoma,Chrome,0c:15:8b:ff:ff:18,macOS Sonoma_Chrome_a2fb9b08
D0030,Workstation,Windows 11,Edge,8a:53:08:b3:b5:99,Windows 11_Edge_f0cbb58b
D0031,Laptop,macOS Sonoma,Chrome,b0:b3:e5:b0:85:bd,macOS Sonoma_Chrome_5f81b437
D0032,Laptop,macOS Sonoma,Chrome,20:c6:d1:51:65:84,macOS Sonoma_Chrome_29a3ff46
D0033,Desktop,macOS Sonoma,Chrome,07:95:61:7a:e8:2b,macOS Sonoma_Chrome_5e25f55d
D0034,Desktop,macOS Sonoma,Firefox,30:f0:b3:84:e4:54,macOS Sonoma_Firefox_074c2f98
D0035,Laptop,Ubuntu 22.04,Chrome,e8:3c:a5:f7:f1:2f,Ubuntu 22.04_Chrome_23014b58
D0036,Desktop,Ubuntu 22.04,Brave,77:1e:aa:17:bb:a7,Ubuntu 22.04_Brave_bda527c5
D0037,Laptop,Windows 11,Firefox,fd:5d:ef:d3:35:ba,Windows 11_Firefox_16e3a55b
D0038,Laptop,Ubuntu 22.04,Firefox,7c:ba:9a:f8:e6:7d,Ubuntu 22.04_Firefox_fafce626
D0039,Laptop,macOS Sonoma,Edge,c9:92:b9:98:a5:e2,macOS Sonoma_Edge_9b080fdc
D0040,Desktop,macOS Sonoma,Edge,df:11:20:e7:9a:c5,macOS Sonoma_Edge_9f48c92e
D0041,Laptop,Windows 11,Edge,e0:64:b5:15:ff:a6,Windows 11_Edge_ed638d28
D0042,Workstation,macOS Sonoma,Edge,09:dd:17:1e:69:a0,macOS Sonoma_Edge_f80517de
D0043,Laptop,Ubuntu 22.04,Chrome,74:1f:60:5a:0d:4f,Ubuntu 22.04_Chrome_75ade73f
D0044,Workstation,Windows 11,Chrome,48:ac:8f:10:c6:27,Windows 11_Chrome_04134c23
D0045,Workstation,Windows 11,Chrome,f2:38:71:e1:e3:32,Windows 11_Chrome_4e89d966
D0046,Laptop,macOS Sonoma,Edge,31:35:a7:f7:ca:34,macOS Sonoma_Edge_9dacd98d
D0047,Desktop,macOS Sonoma,Chrome,fc:35:c8:79:00:99,macOS Sonoma_Chrome_fa9ee90e
D0048,Workstation,Windows 11,Edge,a9:97:6d:f5:ad:61,Windows 11_Edge_65692ea7
D0049,Laptop,macOS Sonoma,Firefox,1e:c3:f7:3f:44:4b,macOS Sonoma_Firefox_7aec4693
D0050,Laptop,macOS Sonoma,Edge,6c:15:fd:af:fc:90,macOS Sonoma_Edge_74707bf8
D0051,Desktop,Ubuntu 22.04,Chrome,1a:e6:d5:65:8b:b9,Ubuntu 22.04_Chrome_83812f57
D0052,Desktop,Windows 10,Firefox,07:fd:97:08:40:c8,Windows 10_Firefox_265f8b5e
D0053,Desktop,Windows 10,Edge,8e:4f:52:f8:9e:0e,Windows 10_Edge_d7e3f513
D0054,Desktop,Windows 11,Firefox,e6:a9:cb:a8:3c:b3,Windows 11_Firefox_56d0575f
D0055,Laptop,macOS Sonoma,Firefox,19:8c:f4:ad:47:ab,macOS Sonoma_Firefox_d44069d5
D0056,Workstation,macOS Sonoma,Edge,25:dd:25:cb:7a:d2,macOS Sonoma_Edge_58954633
D0057,Workstation,Windows 11,Firefox,c5:3c:38:4a:e2:c1,Windows 11_Firefox_5dc6498c
D0058,Workstation,Windows 11,Chrome,10:ff:71:79:5a:ca,Windows 11_Chrome_44386035
D0059,Desktop,Ubuntu 22.04,Edge,8f:02:7c:69:c7:42,Ubuntu 22.04_Edge_071c6330
D0060,Desktop,Windows 11,Edge,55:1f:e0:4b:e4:4e,Windows 11_Edge_f919aa31
D0061,Workstation,Windows 11,Firefox,9e:0f:c2:47:6c:ab,Windows 11_Firefox_b5913543
D0062,Desktop,Ubuntu 22.04,Firefox,40:19:76:72:56:69,Ubuntu 22.04_Firefox_1b3da143
D0063,Desktop,Ubuntu 22.04,Brave,d5:5f:5d:94:ea:9c,Ubuntu 22.04_Brave_bbd81c74
D0064,Desktop,macOS Sonoma,Edge,80:34:bb:ca:0c:4e,macOS Sonoma_Edge_122ec610
D0065,Workstation,Windows 10,Edge,f8:bc:0d:c9:8e:46,Windows 10_Edge_33393f2a
D0066,Desktop,Windows 10,Brave,26:58:56:e0:f3:52,Windows 10_Brave_22e362cf
D0067,Workstation,Windows 10,Firefox,58:98:90:fe:e3:6c,Windows 10_Firefox_3fb300bb
D0068,Laptop,macOS Sonoma,Firefox,5b:3b:fc:bd:6e:59,macOS Sonoma_Firefox_834f5a0c
D0069,Workstation,macOS Sonoma,Brave,23:64:3f:80:43:66,macOS Sonoma_Brave_41ba08a1
D0070,Desktop,Ubuntu 22.04,Firefox,f0:9e:f5:1e:c1:87,Ubuntu 22.04_Firefox_0b1769eb
D0071,Desktop,Ubuntu 22.04,Edge,47:0b:43:af:13:49,Ubuntu 22.04_Edge_4641ac4c
D0072,Laptop,Windows 11,Firefox,83:20:c0:92:bd:23,Windows 11_Firefox_d29b4a65
D0073,Laptop,Windows 11,Firefox,ce:33:1e:7e:98:68,Windows 11_Firefox_ba345ae7
D0074,Desktop,macOS Sonoma,Chrome,b7:0b:46:1b:76:5b,macOS Sonoma_Chrome_5775d43a
D0075,Laptop,Windows 11,Brave,b0:ce:87:b3:48:10,Windows 11_Brave_ffba789c
D0076,Desktop,Ubuntu 22.04,Firefox,3a:db:3a:8a:a5:9c,Ubuntu 22.04_Firefox_1c05aecc
D0077,Workstation,Ubuntu 22.04,Chrome,93:54:4d:82:da:eb,Ubuntu 22.04_Chrome_4b622cb9
D0078,Workstation,Windows 11,Firefox,b6:57:06:9a:b0:b8,Windows 11_Firefox_a139132e
D0079,Workstation,Windows 10,Brave,a8:31:af:d3:53:14,Windows 10_Brave_2a926f0e
D0080,Workstation,Windows 11,Chrome,a7:6b:bc:a7:9d:42,Windows 11_Chrome_6accffbc
D0081,Laptop,Windows 11,Chrome,11:2d:ad:d5:be:ea,Windows 11_Chrome_2ead17ab
D0082,Desktop,macOS Sonoma,Brave,8a:c2:42:92:20:c4,macOS Sonoma_Brave_8cf1e579
D0083,Desktop,macOS Sonoma,Chrome,7c:88:e9:02:a7:5d,macOS Sonoma_Chrome_7c0d44c1
D0084,Workstation,Windows 11,Edge,26:1a:a5:9a:fa:f7,Windows 11_Edge_01d5eb1f
D0085,Desktop,Ubuntu 22.04,Chrome,95:f1:a6:88:05:d4,Ubuntu 22.04_Chrome_7d351f94
D0086,Workstation,macOS Sonoma,Brave,70:a9:5a:d3:d4:79,macOS Sonoma_Brave_5d28fa0d
D0087,Desktop,Windows 11,Brave,b0:9a:5b:23:13:12,Windows 11_Brave_0a41b1bb
D0088,Desktop,macOS Sonoma,Firefox,e6:7e:8f:50:4f:ca,macOS Sonoma_Firefox_732013e7
D0089,Workstation,Windows 11,Chrome,5d:21:cc:39:42:25,Windows 11_Chrome_0b5d40f1
D0090,Laptop,Windows 10,Chrome,8d:db:07:e9:f1:ad,Windows 10_Chrome_0e18483a
D0091,Desktop,Windows 10,Firefox,55:8f:92:19:b1:78,Windows 10_Firefox_53825e2a
D0092,Desktop,Windows 11,Edge,15:56:66:5f:0a:5c,Windows 11_Edge_59621fec
D0093,Laptop,Windows 10,Firefox,66:19:85:16:34:d6,Windows 10_Firefox_b7c6be4f
D0094,Desktop,Ubuntu 22.04,Brave,44:19:bb:02:d3:a8,Ubuntu 22.04_Brave_b6289d2a
D0095,Desktop,macOS Sonoma,Brave,3c:8d:e4:7f:dd:bd,macOS Sonoma_Brave_6dee997d
D0096,Laptop,Ubuntu 22.04,Edge,10:fc:71:f0:8b:3e,Ubuntu 22.04_Edge_5f5e8620
D0097,Workstation,Windows 11,Firefox,ff:01:05:ed:45:0b,Windows 11_Firefox_dea3acd8
D0098,Desktop,Windows 10,Brave,58:5b:96:cb:7c:59,Windows 10_Brave_9733341d
D0099,Laptop,Windows 10,Edge,55:b7:bb:00:ac:88,Windows 10_Edge_7659d41b
D0100,Workstation,macOS Sonoma,Edge,1b:3a:fd:de:af:e2,macOS Sonoma_Edge_4a32bdce
D0101,Desktop,Windows 11,Chrome,31:89:94:08:61:aa,Windows 11_Chrome_06d2c339
D0102,Laptop,Windows 11,Brave,3d:de:b1:00:35:ca,Windows 11_Brave_8b8726fe
D0103,Desktop,Windows 10,Brave,70:83:c4:d2:fc:0f,Windows 10_Brave_efa20474
D0104,Desktop,Windows 11,Chrome,84:a8:d7:61:0a:d3,Windows 11_Chrome_88c0ff26
D0105,Desktop,Windows 11,Firefox,c5:d7:76:7d:6d:68,Windows 11_Firefox_71c159e2
D0106,Desktop,macOS Sonoma,Brave,bd:4a:60:07:33:42,macOS Sonoma_Brave_0a6626f6
D0107,Desktop,Ubuntu 22.04,Edge,78:be:cf:8e:be:80,Ubuntu 22.04_Edge_6313742d
D0108,Workstation,Windows 10,Chrome,7a:7c:40:1c:3c:9d,Windows 10_Chrome_f8a0566d
D0109,Desktop,Ubuntu 22.04,Brave,a5:81:fa:73:55:d4,Ubuntu 22.04_Brave_bd712f99
D0110,Laptop,Windows 10,Firefox,85:04:a1:ee:78:7f,Windows 10_Firefox_440d3483
D0111,Workstation,Windows 11,Firefox,64:4d:f5:57:86:69,Windows 11_Firefox_470e7b8e
D0112,Desktop,Windows 10,Brave,07:ef:4b:3a:28:d5,Windows 10_Brave_5ccce830
D0113,Desktop,Ubuntu 22.04,Brave,16:21:ec:48:b9:75,Ubuntu 22.04_Brave_ce35d97e
D0114,Workstation,Windows 11,Firefox,89:ce:15:c7:44:bf,Windows 11_Firefox_4e89f790
D0115,Workstation,macOS Sonoma,Chrome,a6:8e:e7:4b:b0:b7,macOS Sonoma_Chrome_f3d121fa
D0116,Desktop,Windows 11,Brave,4e:42:4b:52:26:65,Windows 11_Brave_778e89e2
D0117,Workstation,macOS Sonoma,Brave,77:40:2c:d1:2a:41,macOS Sonoma_Brave_5de15ca4
D0118,Desktop,Windows 10,Edge,ed:d6:5c:67:6a:d1,Windows 10_Edge_6cdbf1ec
D0119,Desktop,macOS Sonoma,Chrome,26:ed:b5:c1:b0:cd,macOS Sonoma_Chrome_7d5e41b4
D0120,Laptop,Windows 10,Firefox,14:f7:1a:ee:84:98,Windows 10_Firefox_be2e8efd
D0121,Workstation,Windows 10,Firefox,23:de:14:78:4f:1d,Windows 10_Firefox_d74c1637
D0122,Workstation,macOS Sonoma,Chrome,05:9a:0a:a2:b6:79,macOS Sonoma_Chrome_9a720085
D0123,Desktop,Windows 11,Firefox,a1:f5:92:d3:c0:ef,Windows 11_Firefox_7039984a
D0124,Laptop,macOS Sonoma,Brave,4c:4c:22:36:78:65,macOS Sonoma_Brave_54a43bd4
D0125,Desktop,Windows 10,Edge,52:8a:d1:8d:b1:d2,Windows 10_Edge_d3b51c48
D0126,Workstation,Windows 10,Brave,cb:ee:f7:79:f5:a7,Windows 10_Brave_f73e6e97
D0127,Workstation,macOS Sonoma,Edge,0f:fc:14:38:bc:67,macOS Sonoma_Edge_9ade2620
D0128,Laptop,Windows 10,Firefox,19:e6:8c:30:72:e1,Windows 10_Firefox_bd124c82
D0129,Workstation,Ubuntu 22.04,Edge,70:05:68:2f:93:45,Ubuntu 22.04_Edge_513b1f66
D0130,Desktop,macOS Sonoma,Edge,b4:a4:8f:1d:70:37,macOS Sonoma_Edge_146f3576
D0131,Desktop,macOS Sonoma,Edge,80:4c:d3:71:af:9a,macOS Sonoma_Edge_763f8751
D0132,Workstation,macOS Sonoma,Firefox,59:52:8a:fa:3e:e6,macOS Sonoma_Firefox_941c3fb3
D0133,Workstation,macOS Sonoma,Brave,62:ad:d8:75:12:0a,macOS Sonoma_Brave_6e6fa565
D0134,Laptop,Windows 10,Brave,c6:1c:e3:1a:ea:0f,Windows 10_Brave_a6294438
D0135,Laptop,macOS Sonoma,Chrome,d4:de:09:32:f8:bb,macOS Sonoma_Chrome_607356f5
D0136,Workstation,Windows 11,Firefox,b7:96:be:50:ae:a1,Windows 11_Firefox_fa253710
D0137,Laptop,Ubuntu 22.04,Edge,62:fc:67:86:a0:be,Ubuntu 22.04_Edge_a33525cc
D0138,Workstation,Ubuntu 22.04,Chrome,bd:6f:c9:9b:6e:bd,Ubuntu 22.04_Chrome_f38f3531
D0139,Desktop,Windows 11,Edge,23:a9:f6:14:bf:dd,Windows 11_Edge_876f2d94
D0140,Laptop,Windows 11,Chrome,d1:40:df:65:3f:ed,Windows 11_Chrome_90181dc8
D0141,Laptop,Windows 11,Firefox,98:7f:87:ad:72:75,Windows 11_Firefox_5450e4cf
D0142,Workstation,macOS Sonoma,Firefox,fe:98:34:ea:4b:4e,macOS Sonoma_Firefox_5323e8d8
D0143,Desktop,Windows 10,Edge,9f:54:ed:5f:f9:55,Windows 10_Edge_fb5af3ef
D0144,Workstation,Ubuntu 22.04,Firefox,e0:ff:61:86:dd:4d,Ubuntu 22.04_Firefox_d8c3fb39
D0145,Desktop,macOS Sonoma,Chrome,b2:80:95:70:7a:c0,macOS Sonoma_Chrome_d48171bf
D0146,Workstation,Ubuntu 22.04,Brave,a1:04:b3:9b:80:0a,Ubuntu 22.04_Brave_e4977ecd
D0147,Desktop,Windows 11,Chrome,4f:30:ae:c4:0f:2e,Windows 11_Chrome_6abe7240
D0148,Desktop,Windows 11,Firefox,a7:37:a1:b1:2b:08,Windows 11_Firefox_09e6b4f9
D0149,Laptop,Ubuntu 22.04,Firefox,43:50:f2:0f:bf:60,Ubuntu 22.04_Firefox_b4da516e
D0150,Desktop,macOS Sonoma,Brave,43:1a:76:d4:0a:0c,macOS Sonoma_Brave_3e68770a
D0151,Desktop,Ubuntu 22.04,Firefox,a5:83:22:44:4d:17,Ubuntu 22.04_Firefox_d2f79f41
D0152,Workstation,macOS Sonoma,Firefox,c2:97:9e:a1:f6:ea,macOS Sonoma_Firefox_dfb3a726
D0153,Desktop,macOS Sonoma,Chrome,32:8f:5c:34:62:aa,macOS Sonoma_Chrome_fca7eeb6
D0154,Workstation,Ubuntu 22.04,Edge,9f:d7:ad:4c:a8:31,Ubuntu 22.04_Edge_dbeab93d
D0155,Laptop,Windows 11,Edge,d7:e0:8b:a4:88:46,Windows 11_Edge_ae563007
D0156,Laptop,macOS Sonoma,Chrome,0f:af:6d:9e:63:28,macOS Sonoma_Chrome_34a1b224
D0157,Laptop,Windows 11,Chrome,a9:08:81:6c:9b:bd,Windows 11_Chrome_441179db
D0158,Laptop,Ubuntu 22.04,Brave,df:72:46:b1:3c:09,Ubuntu 22.04_Brave_e7401d91
D0159,Desktop,Ubuntu 22.04,Firefox,ed:e5:79:06:96:ad,Ubuntu 22.04_Firefox_ccdba925
D0160,Laptop,Windows 11,Edge,4a:52:75:8d:f5:4a,Windows 11_Edge_efd746ef
D0161,Workstation,Windows 10,Firefox,76:9a:5e:9b:f0:dc,Windows 10_Firefox_c8dbcf03
D0162,Laptop,Ubuntu 22.04,Brave,e5:77:f9:69:66:3e,Ubuntu 22.04_Brave_81281864
D0163,Desktop,Windows 11,Firefox,84:e9:8f:48:c2:5a,Windows 11_Firefox_3de83fae
D0164,Workstation,Ubuntu 22.04,Edge,1d:57:99:92:54:4f,Ubuntu 22.04_Edge_317c431f
D0165,Desktop,Windows 10,Brave,b9:b9:47:60:04:ed,Windows 10_Brave_eafc19e5
D0166,Desktop,Ubuntu 22.04,Firefox,83:2a:ad:aa:15:17,Ubuntu 22.04_Firefox_39842149
D0167,Desktop,Ubuntu 22.04,Chrome,23:2c:3f:7a:07:e8,Ubuntu 22.04_Chrome_35c929f8
D0168,Workstation,Ubuntu 22.04,Chrome,4f:64:7e:6d:00:0a,Ubuntu 22.04_Chrome_40264201
D0169,Desktop,Ubuntu 22.04,Edge,1b:e0:4b:80:92:12,Ubuntu 22.04_Edge_125ae3b9
D0170,Desktop,Windows 10,Edge,94:29:e1:3a:8c:e3,Windows 10_Edge_2eb1db89
D0171,Laptop,macOS Sonoma,Edge,b4:c0:6d:57:48:30,macOS Sonoma_Edge_b456c571
D0172,Desktop,Ubuntu 22.04,Firefox,9d:7b:08:5e:ef:91,Ubuntu 22.04_Firefox_147323b9
D0173,Desktop,Windows 11,Firefox,2c:4c:b2:98:41:65,Windows 11_Firefox_23ca479b
D0174,Laptop,macOS Sonoma,Edge,42:4f:3c:9b:ba:8d,macOS Sonoma_Edge_c798bdea
D0175,Workstation,Windows 11,Chrome,53:5a:06:9c:f7:50,Windows 11_Chrome_e67740bc
D0176,Desktop,Windows 10,Brave,1c:80:a4:fa:54:20,Windows 10_Brave_7bd786a7
D0177,Desktop,Windows 11,Firefox,c0:c6:56:ca:82:0d,Windows 11_Firefox_08c6da4a
D0178,Desktop,Windows 10,Chrome,4a:d7:80:73:f1:00,Windows 10_Chrome_52e4e0d1
D0179,Workstation,Windows 11,Firefox,32:64:12:77:42:b1,Windows 11_Firefox_2449ffd9
D0180,Desktop,Windows 11,Chrome,c3:c6:f6:91:a2:5c,Windows 11_Chrome_abac7a09
D0181,Workstation,Windows 10,Edge,c9:15:e0:cf:cd:27,Windows 10_Edge_976cc7df
D0182,Desktop,macOS Sonoma,Edge,de:0a:1b:13:32:76,macOS Sonoma_Edge_fb4056a1
D0183,Desktop,Ubuntu 22.04,Firefox,42:ec:54:90:77:f9,Ubuntu 22.04_Firefox_2da92990
D0184,Workstation,Ubuntu 22.04,Firefox,31:0a:53:be:8c:bb,Ubuntu 22.04_Firefox_305fb6ea
D0185,Desktop,Ubuntu 22.04,Edge,ae:6a:de:c4:c2:0c,Ubuntu 22.04_Edge_a9216c47
D0186,Laptop,Ubuntu 22.04,Brave,43:62:bc:26:84:b2,Ubuntu 22.04_Brave_5533b725
D0187,Workstation,Windows 11,Firefox,c6:52:a7:a9:63:a5,Windows 11_Firefox_d5a69074
D0188,Desktop,Windows 11,Chrome,80:d3:95:3f:82:58,Windows 11_Chrome_d53930c5
D0189,Workstation,Ubuntu 22.04,Brave,86:9a:39:ac:93:64,Ubuntu 22.04_Brave_bc8689c1
D0190,Workstation,macOS Sonoma,Firefox,6c:5a:57:64:c7:5d,macOS Sonoma_Firefox_beb4872a
D0191,Desktop,Windows 10,Brave,3f:87:30:1e:3d:e4,Windows 10_Brave_1e125a0c
D0192,Workstation,macOS Sonoma,Firefox,f7:69:b9:76:8b:e7,macOS Sonoma_Firefox_c8d85351
D0193,Workstation,Ubuntu 22.04,Edge,30:c4:08:6c:77:83,Ubuntu 22.04_Edge_c7dcffe7
D0194,Desktop,Ubuntu 22.04,Firefox,d8:db:39:a3:db:bb,Ubuntu 22.04_Firefox_3b259a26
D0195,Desktop,Windows 11,Brave,90:c0:41:bd:64:39,Windows 11_Brave_06fcf6dd
D0196,Workstation,Windows 10,Brave,b5:7a:89:07:4a:6b,Windows 10_Brave_9fe3d73c
D0197,Laptop,Windows 10,Brave,46:85:e6:1b:c4:82,Windows 10_Brave_73eae394
D0198,Desktop,macOS Sonoma,Edge,db:11:01:68:a6:02,macOS Sonoma_Edge_16ca283c
D0199,Desktop,Ubuntu 22.04,Edge,a4:69:fe:1f:ed:43,Ubuntu 22.04_Edge_dea6b714
D0200,Workstation,Windows 11,Edge,ce:ba:e7:7c:c2:f7,Windows 11_Edge_5a23287c
D0201,Desktop,Windows 11,Firefox,2f:bc:89:20:8e:4c,Windows 11_Firefox_6db2dc2d
D0202,Desktop,macOS Sonoma,Chrome,4b:fc:11:64:36:8c,macOS Sonoma_Chrome_155f63fe
D0203,Workstation,macOS Sonoma,Chrome,fb:4e:33:4e:63:15,macOS Sonoma_Chrome_4b463878
D0204,Desktop,Windows 10,Firefox,c8:5c:29:78:d5:18,Windows 10_Firefox_2fb444d4
D0205,Workstation,Windows 10,Edge,a0:6d:88:ba:5d:67,Windows 10_Edge_3d36f53a
D0206,Workstation,macOS Sonoma,Firefox,88:39:0e:8a:9a:4f,macOS Sonoma_Firefox_574ec60d
D0207,Desktop,Windows 10,Chrome,eb:2f:75:99:4f:8d,Windows 10_Chrome_98820cd6
D0208,Desktop,Ubuntu 22.04,Firefox,32:4a:e6:8f:fd:eb,Ubuntu 22.04_Firefox_8528a41f
D0209,Laptop,Windows 11,Firefox,c0:58:99:c1:08:1f,Windows 11_Firefox_7ad721d2
D0210,Workstation,Ubuntu 22.04,Brave,06:b6:92:4a:70:7d,Ubuntu 22.04_Brave_9db28d60
D0211,Desktop,Windows 11,Chrome,0a:70:82:1e:25:ed,Windows 11_Chrome_22778309
D0212,Laptop,Windows 10,Chrome,10:4c:e7:2a:6c:6d,Windows 10_Chrome_885afe0a
D0213,Workstation,Windows 11,Firefox,43:9c:5a:6a:6e:a8,Windows 11_Firefox_f15fe0ca
D0214,Workstation,Windows 10,Chrome,01:32:69:01:1e:54,Windows 10_Chrome_d820260b
D0215,Laptop,Windows 10,Edge,81:31:9f:7d:c4:a7,Windows 10_Edge_0d9432e9
D0216,Desktop,Windows 10,Edge,2f:79:56:68:b7:e7,Windows 10_Edge_6a78f8a4
D0217,Workstation,macOS Sonoma,Chrome,65:5d:fe:14:14:ef,macOS Sonoma_Chrome_d61295d1
D0218,Laptop,macOS Sonoma,Chrome,f2:97:3d:14:d4:4b,macOS Sonoma_Chrome_8424142b
D0219,Laptop,Windows 11,Brave,e5:48:6d:ea:4c:b6,Windows 11_Brave_8e11409a
D0220,Laptop,macOS Sonoma,Firefox,1c:c3:7d:34:03:ed,macOS Sonoma_Firefox_acb61e9a
D0221,Laptop,Windows 11,Edge,ec:06:c0:02:6f:35,Windows 11_Edge_b1b52b3a
D0222,Desktop,macOS Sonoma,Firefox,c8:62:43:ac:46:0e,macOS Sonoma_Firefox_91d4dcb7
D0223,Desktop,macOS Sonoma,Edge,52:74:7c:39:72:67,macOS Sonoma_Edge_ae1e1f24
D0224,Desktop,macOS Sonoma,Chrome,8f:6e:d1:17:4d:9e,macOS Sonoma_Chrome_35dcee05
D0225,Workstation,macOS Sonoma,Brave,9a:0f:9f:08:75:66,macOS Sonoma_Brave_febb2883
D0226,Workstation,Windows 10,Chrome,ab:c0:9a:71:b1:05,Windows 10_Chrome_2a7cd3b8
D0227,Laptop,Windows 11,Chrome,c8:11:36:1f:c3:a9,Windows 11_Chrome_2e16114b
D0228,Laptop,Windows 11,Chrome,a0:25:64:32:6a:52,Windows 11_Chrome_fb4f7280
D0229,Workstation,Ubuntu 22.04,Firefox,dc:40:7a:85:4c:43,Ubuntu 22.04_Firefox_4b6fbc05
D0230,Desktop,Windows 11,Chrome,3c:a5:23:d9:42:91,Windows 11_Chrome_4dcf89c9
D0231,Laptop,macOS Sonoma,Edge,68:92:8c:aa:e3:c1,macOS Sonoma_Edge_82c9003a
D0232,Laptop,Windows 11,Edge,23:18:39:f4:2e:0c,Windows 11_Edge_f4b48490
D0233,Desktop,macOS Sonoma,Brave,03:29:91:8a:47:de,macOS Sonoma_Brave_6729c746
D0234,Laptop,Windows 10,Brave,a8:e2:e3:1a:0a:cf,Windows 10_Brave_d51847bf
D0235,Workstation,Windows 11,Chrome,e3:20:0b:96:04:e5,Windows 11_Chrome_e5203d21
D0236,Desktop,macOS Sonoma,Firefox,2b:96:e5:82:7f:c3,macOS Sonoma_Firefox_5c3b07f3
D0237,Laptop,macOS Sonoma,Edge,8c:b7:c8:99:4f:fb,macOS Sonoma_Edge_535f0169
D0238,Desktop,macOS Sonoma,Edge,fc:c4:c4:c5:62:35,macOS Sonoma_Edge_e94ff0b4
D0239,Workstation,Ubuntu 22.04,Edge,fc:14:da:e4:f0:ee,Ubuntu 22.04_Edge_a9c6e460
D0240,Desktop,Windows 10,Firefox,4d:ea:ad:5e:4f:d9,Windows 10_Firefox_45299d82
D0241,Workstation,Windows 11,Edge,dc:63:6e:45:78:bd,Windows 11_Edge_690c44c2
D0242,Workstation,macOS Sonoma,Firefox,2f:70:ea:63:a5:12,macOS Sonoma_Firefox_29d6473d
D0243,Laptop,Ubuntu 22.04,Brave,ac:2c:12:56:45:b6,Ubuntu 22.04_Brave_4a9a0e63
D0244,Workstation,macOS Sonoma,Edge,be:3d:a3:7f:4c:ad,macOS Sonoma_Edge_d6f6431e
D0245,Workstation,Windows 10,Firefox,34:9e:8c:13:ed:4e,Windows 10_Firefox_b94279f7
D0246,Desktop,Windows 11,Chrome,7c:7b:56:eb:ab:f7,Windows 11_Chrome_24bc2cc1
D0247,Desktop,Windows 11,Edge,07:ef:df:d5:44:ae,Windows 11_Edge_b6b8b3de
D0248,Laptop,macOS Sonoma,Firefox,22:34:b7:d9:b8:65,macOS Sonoma_Firefox_a6bf51d8
D0249,Workstation,Windows 11,Edge,35:c9:da:08:b3:db,Windows 11_Edge_184aa16b
D0250,Desktop,macOS Sonoma,Firefox,a1:f0:8b:53:f2:d2,macOS Sonoma_Firefox_ed15eebd
D0251,Laptop,Windows 11,Edge,57:a7:0d:ef:51:51,Windows 11_Edge_72bc8da4
D0252,Laptop,macOS Sonoma,Edge,32:b5:e3:9f:50:ac,macOS Sonoma_Edge_3c022b09
D0253,Desktop,Ubuntu 22.04,Brave,b0:26:30:f9:94:49,Ubuntu 22.04_Brave_f2c26e7d
D0254,Desktop,Windows 11,Edge,41:18:59:63:4a:9e,Windows 11_Edge_6266dbac
D0255,Laptop,Ubuntu 22.04,Edge,d5:62:85:30:6f:4f,Ubuntu 22.04_Edge_b7cb87ab
D0256,Laptop,Ubuntu 22.04,Chrome,c7:75:62:b1:13:69,Ubuntu 22.04_Chrome_88f8b3f9
D0257,Desktop,Windows 11,Firefox,a2:e8:17:54:d1:c0,Windows 11_Firefox_b7da1412
D0258,Laptop,Windows 11,Edge,5a:a3:09:c0:ca:45,Windows 11_Edge_32615cbe
D0259,Laptop,Windows 10,Firefox,0f:82:c9:51:57:81,Windows 10_Firefox_1e67e6d1
D0260,Desktop,macOS Sonoma,Edge,72:4e:ec:5d:13:d9,macOS Sonoma_Edge_09c49fd5
D0261,Laptop,Ubuntu 22.04,Chrome,81:81:27:56:b9:b4,Ubuntu 22.04_Chrome_1369eb0b
D0262,Workstation,Windows 11,Brave,4c:01:6f:59:52:44,Windows 11_Brave_4340af2c
D0263,Desktop,Windows 10,Chrome,dd:17:b4:b3:5a:45,Windows 10_Chrome_41bb972b
D0264,Laptop,macOS Sonoma,Edge,10:18:7c:e0:78:a4,macOS Sonoma_Edge_1b1f8553
D0265,Laptop,Windows 10,Chrome,d6:57:f3:c0:b7:87,Windows 10_Chrome_2b988a02
D0266,Laptop,Windows 11,Brave,64:e1:3b:a3:11:82,Windows 11_Brave_d944cdf3
D0267,Laptop,Windows 10,Brave,0f:1b:92:0b:a0:a2,Windows 10_Brave_06c26902
D0268,Workstation,Windows 10,Firefox,4a:31:1e:f9:9c:f8,Windows 10_Firefox_8a4edf9b
D0269,Desktop,Windows 11,Chrome,c2:6f:4d:33:48:ca,Windows 11_Chrome_dc99ba2d
D0270,Desktop,Windows 10,Firefox,b1:b8:b8:1c:99:ee,Windows 10_Firefox_66696f7f
D0271,Workstation,Ubuntu 22.04,Brave,d5:06:af:31:84:04,Ubuntu 22.04_Brave_45697b1b
D0272,Workstation,macOS Sonoma,Edge,52:90:d4:62:1f:7b,macOS Sonoma_Edge_1434b3a2
D0273,Laptop,Windows 10,Brave,bd:f1:b2:91:a0:2b,Windows 10_Brave_1f39444d
D0274,Laptop,Ubuntu 22.04,Firefox,50:4d:a9:5c:1f:c1,Ubuntu 22.04_Firefox_7665bc2f
D0275,Laptop,Windows 11,Brave,16:b2:bb:d1:ed:23,Windows 11_Brave_f1bc3315
D0276,Workstation,macOS Sonoma,Firefox,43:51:99:8d:ee:fc,macOS Sonoma_Firefox_bafcf1ab
D0277,Laptop,macOS Sonoma,Edge,34:19:53:b9:f9:87,macOS Sonoma_Edge_79e058c2
D0278,Laptop,Windows 11,Chrome,47:93:69:3b:e0:d5,Windows 11_Chrome_6fd0379c
D0279,Laptop,Windows 10,Chrome,ce:ae:ac:87:8c:b4,Windows 10_Chrome_4d1743d6
D0280,Laptop,Windows 11,Firefox,44:bc:eb:dc:34:eb,Windows 11_Firefox_9f5c0dbb
D0281,Desktop,Windows 11,Firefox,cc:5e:e4:52:71:5d,Windows 11_Firefox_bd5547d7
D0282,Desktop,Windows 11,Brave,c0:91:e8:ec:be:a5,Windows 11_Brave_1540271c
D0283,Workstation,Windows 10,Firefox,fd:f5:5e:c5:2a:9b,Windows 10_Firefox_b4f22cc9
D0284,Laptop,Ubuntu 22.04,Edge,f4:a5:47:1c:21:d1,Ubuntu 22.04_Edge_f3d07b26
D0285,Desktop,Ubuntu 22.04,Firefox,27:39:91:6d:69:d2,Ubuntu 22.04_Firefox_8e65450f
D0286,Workstation,Ubuntu 22.04,Edge,ba:6d:d7:2a:ec:d4,Ubuntu 22.04_Edge_315b75ce
D0287,Workstation,macOS Sonoma,Chrome,66:58:ed:73:ad:f9,macOS Sonoma_Chrome_f4f292de
D0288,Desktop,Ubuntu 22.04,Firefox,03:d9:49:53:d0:a2,Ubuntu 22.04_Firefox_ba20dced
D0289,Laptop,Windows 10,Brave,2e:f8:ee:de:f8:69,Windows 10_Brave_3da54ab9
D0290,Workstation,Windows 10,Brave,e7:ba:06:3e:87:7a,Windows 10_Brave_4d7aa08a
D0291,Desktop,Ubuntu 22.04,Firefox,ef:88:8c:35:f8:2d,Ubuntu 22.04_Firefox_d9c45b72
D0292,Laptop,macOS Sonoma,Brave,bd:24:5c:57:c0:20,macOS Sonoma_Brave_7505b22b
D0293,Laptop,Ubuntu 22.04,Edge,68:65:e9:41:99:86,Ubuntu 22.04_Edge_c44717a8
D0294,Desktop,macOS Sonoma,Edge,c5:65:41:f8:ab:ed,macOS Sonoma_Edge_0c9e6c21
D0295,Laptop,Ubuntu 22.04,Edge,06:8c:37:87:8b:7f,Ubuntu 22.04_Edge_a73c9115
D0296,Workstation,Ubuntu 22.04,Firefox,db:f7:30:c4:3e:7e,Ubuntu 22.04_Firefox_e483ce10
D0297,Desktop,Windows 10,Edge,a9:45:61:4b:8f:d6,Windows 10_Edge_909d187f
D0298,Desktop,Windows 10,Brave,f5:a2:86:70:ec:7c,Windows 10_Brave_f2c598e4
D0299,Workstation,Ubuntu 22.04,Edge,41:1d:78:58:b0:e1,Ubuntu 22.04_Edge_193fb20b
D0300,Desktop,Windows 10,Chrome,12:4d:99:bb:59:f5,Windows 10_Chrome_c2b233b2
D0301,Laptop,macOS Sonoma,Edge,18:93:c1:3e:97:0e,macOS Sonoma_Edge_a2acde55
D0302,Laptop,macOS Sonoma,Firefox,f5:ea:01:0a:aa:a6,macOS Sonoma_Firefox_5aa33edc
D0303,Laptop,macOS Sonoma,Firefox,4e:3f:dd:e1:c8:c6,macOS Sonoma_Firefox_2f3f6177
D0304,Desktop,macOS Sonoma,Edge,75:40:25:37:97:bd,macOS Sonoma_Edge_5e36e40a
D0305,Laptop,macOS Sonoma,Firefox,ea:60:2f:00:0b:04,macOS Sonoma_Firefox_0bae292b
D0306,Desktop,Windows 10,Chrome,47:1d:f5:1f:34:89,Windows 10_Chrome_deaa475f
D0307,Desktop,Ubuntu 22.04,Chrome,f6:63:6d:fc:8d:21,Ubuntu 22.04_Chrome_6fce0047
D0308,Laptop,macOS Sonoma,Brave,84:43:05:b0:e5:9d,macOS Sonoma_Brave_31037892
D0309,Laptop,Windows 10,Chrome,b9:3f:3e:31:ba:9c,Windows 10_Chrome_b55811b5
D0310,Workstation,Ubuntu 22.04,Firefox,1e:3c:82:ab:ed:80,Ubuntu 22.04_Firefox_e93a3dc1
D0311,Workstation,Windows 10,Edge,8a:43:3f:04:de:63,Windows 10_Edge_11fb077a
D0312,Laptop,macOS Sonoma,Edge,14:99:4a:37:71:f3,macOS Sonoma_Edge_f2c374b4
D0313,Laptop,macOS Sonoma,Firefox,51:78:f9:ad:84:6d,macOS Sonoma_Firefox_bb3836b9
D0314,Workstation,macOS Sonoma,Brave,6f:15:ea:e1:37:0c,macOS Sonoma_Brave_1f283b74
D0315,Workstation,Windows 11,Chrome,70:7c:af:4a:79:cd,Windows 11_Chrome_17926c14
D0316,Workstation,Windows 10,Chrome,a8:e0:eb:95:47:32,Windows 10_Chrome_a272a517
D0317,Laptop,Ubuntu 22.04,Chrome,a4:4c:3f:4d:16:5f,Ubuntu 22.04_Chrome_17b79f71
D0318,Desktop,Windows 10,Edge,00:6a:0d:47:f6:8a,Windows 10_Edge_96065557
D0319,Laptop,Windows 11,Chrome,86:c3:d8:e0:40:f3,Windows 11_Chrome_b1df230d
D0320,Workstation,Windows 10,Edge,42:ee:5d:f9:04:6a,Windows 10_Edge_43a9eb58
D0321,Workstation,Ubuntu 22.04,Brave,80:eb:52:d5:85:34,Ubuntu 22.04_Brave_17ada920
D0322,Desktop,macOS Sonoma,Chrome,3a:1d:e5:70:f6:c5,macOS Sonoma_Chrome_7c14d819
D0323,Workstation,Windows 10,Chrome,76:e6:e1:dd:19:9c,Windows 10_Chrome_35129d74
D0324,Laptop,Windows 11,Firefox,a5:59:66:c5:12:68,Windows 11_Firefox_cf0058d3
D0325,Laptop,macOS Sonoma,Firefox,6c:82:8d:52:b8:60,macOS Sonoma_Firefox_48ebdd1f
D0326,Laptop,Windows 10,Edge,7c:43:d6:d6:13:ae,Windows 10_Edge_019ba391
D0327,Workstation,macOS Sonoma,Brave,7e:ab:ae:16:6e:85,macOS Sonoma_Brave_445f56ba
D0328,Desktop,Ubuntu 22.04,Firefox,74:2f:ea:7e:15:4c,Ubuntu 22.04_Firefox_8784374c
D0329,Laptop,Ubuntu 22.04,Brave,34:55:4a:9d:af:a4,Ubuntu 22.04_Brave_f8214b29
D0330,Desktop,Ubuntu 22.04,Brave,6b:7a:2f:84:d0:33,Ubuntu 22.04_Brave_03f5931b
D0331,Workstation,macOS Sonoma,Edge,54:55:1a:27:59:17,macOS Sonoma_Edge_168c11e4
D0332,Laptop,Windows 11,Brave,82:f9:34:c6:35:d9,Windows 11_Brave_f4a066b6
D0333,Laptop,Ubuntu 22.04,Brave,e9:ee:c3:65:3a:f0,Ubuntu 22.04_Brave_6d2f89f4
D0334,Workstation,Windows 11,Chrome,3b:8d:b3:3c:73:16,Windows 11_Chrome_cad7bf34
D0335,Laptop,Ubuntu 22.04,Edge,3d:50:66:52:19:a7,Ubuntu 22.04_Edge_035956b0
D0336,Desktop,macOS Sonoma,Chrome,b4:5c:d9:1d:21:ba,macOS Sonoma_Chrome_3941c8b7
D0337,Workstation,Windows 11,Firefox,70:b3:de:90:17:08,Windows 11_Firefox_eb443345
D0338,Workstation,Windows 10,Edge,9a:4a:94:e8:75:d6,Windows 10_Edge_3c5c1ce0
D0339,Laptop,Windows 10,Edge,14:6c:de:bd:43:40,Windows 10_Edge_6cbd256c
D0340,Desktop,Windows 10,Brave,d1:26:6f:97:69:db,Windows 10_Brave_7e2ddb71
D0341,Workstation,Ubuntu 22.04,Chrome,c6:58:30:9f:ab:81,Ubuntu 22.04_Chrome_c59a8354
D0342,Workstation,Windows 11,Brave,dc:fd:cf:d8:20:1a,Windows 11_Brave_436e146a
D0343,Workstation,Windows 10,Brave,1c:37:9b:2e:a5:71,Windows 10_Brave_904dc2c2
D0344,Desktop,Ubuntu 22.04,Brave,d8:b5:f0:62:c0:09,Ubuntu 22.04_Brave_f04b8e5b
D0345,Laptop,Windows 11,Brave,e5:8b:7c:76:fd:ac,Windows 11_Brave_c86f486a
D0346,Workstation,Ubuntu 22.04,Chrome,5f:89:d6:4c:ba:cd,Ubuntu 22.04_Chrome_f0e9bca6
D0347,Desktop,Windows 11,Edge,c9:90:2a:1a:ce:c4,Windows 11_Edge_03d8bb6e
D0348,Laptop,Windows 10,Firefox,bf:81:d5:be:19:8c,Windows 10_Firefox_b2b11d7b
D0349,Laptop,Windows 11,Firefox,7b:10:7c:fa:24:e4,Windows 11_Firefox_c9f9f0eb
D0350,Desktop,Windows 10,Firefox,e5:9d:5f:4d:fb:65,Windows 10_Firefox_b3942298
D0351,Laptop,macOS Sonoma,Chrome,4c:6b:ad:b8:8b:2e,macOS Sonoma_Chrome_e10a1327
D0352,Desktop,macOS Sonoma,Firefox,45:55:60:85:20:bb,macOS Sonoma_Firefox_cccd8f22
D0353,Desktop,Ubuntu 22.04,Chrome,5b:f3:bc:d7:51:cd,Ubuntu 22.04_Chrome_0844a733
D0354,Desktop,Windows 10,Firefox,98:ea:9e:55:a2:80,Windows 10_Firefox_2bd6f6e3
D0355,Laptop,macOS Sonoma,Edge,57:08:d9:a1:c1:42,macOS Sonoma_Edge_9df97c33
D0356,Workstation,Windows 11,Brave,25:ea:a2:f6:4d:92,Windows 11_Brave_828c99be
D0357,Desktop,Windows 10,Firefox,27:b5:d1:90:8c:83,Windows 10_Firefox_aa750c4d
D0358,Workstation,Windows 11,Firefox,20:7c:f3:b1:e7:c4,Windows 11_Firefox_c7e3754b
D0359,Desktop,Windows 10,Edge,e0:63:20:43:86:57,Windows 10_Edge_01bf38ce
D0360,Workstation,Windows 10,Chrome,d9:9a:71:a5:64:24,Windows 10_Chrome_f5767690
D0361,Workstation,macOS Sonoma,Firefox,0b:eb:1c:e6:d5:93,macOS Sonoma_Firefox_1a279013
D0362,Laptop,Ubuntu 22.04,Edge,6b:11:72:e1:17:b3,Ubuntu 22.04_Edge_0acbfbc7
D0363,Desktop,Ubuntu 22.04,Edge,6d:ad:fa:fd:1f:af,Ubuntu 22.04_Edge_086414c8
D0364,Desktop,Windows 10,Brave,24:6f:d1:5f:b3:48,Windows 10_Brave_bd0d728d
D0365,Laptop,Windows 11,Firefox,96:a6:eb:51:fe:b8,Windows 11_Firefox_60b16fae
D0366,Laptop,Ubuntu 22.04,Edge,e4:ae:d8:93:09:a7,Ubuntu 22.04_Edge_caa50bab
D0367,Laptop,Windows 10,Edge,a7:28:15:89:42:b1,Windows 10_Edge_64a373f6
D0368,Workstation,Ubuntu 22.04,Edge,af:2d:14:d4:ea:b1,Ubuntu 22.04_Edge_e74be8c1
D0369,Workstation,Windows 10,Firefox,6b:78:cf:1c:5b:ac,Windows 10_Firefox_b8fc96bb
D0370,Desktop,macOS Sonoma,Brave,f1:8d:3e:5e:6b:0c,macOS Sonoma_Brave_51e987ea
D0371,Desktop,Windows 11,Brave,2a:dd:f1:eb:38:ec,Windows 11_Brave_9587152f
D0372,Laptop,Ubuntu 22.04,Brave,e2:e6:3e:70:e0:95,Ubuntu 22.04_Brave_e4e7cda1
D0373,Laptop,macOS Sonoma,Edge,d0:e8:08:de:9c:e5,macOS Sonoma_Edge_2e59c908
D0374,Workstation,macOS Sonoma,Firefox,9d:de:57:c6:36:31,macOS Sonoma_Firefox_c4e6a475
D0375,Laptop,macOS Sonoma,Firefox,51:65:1b:07:13:dd,macOS Sonoma_Firefox_2a33b990
D0376,Laptop,macOS Sonoma,Edge,9e:6f:0c:fd:a5:5d,macOS Sonoma_Edge_9c2f2bc3
D0377,Laptop,Windows 10,Edge,eb:79:6b:29:80:a7,Windows 10_Edge_82cf1fd0
D0378,Workstation,Windows 10,Edge,d4:92:0e:3d:d5:10,Windows 10_Edge_d767a1b5
D0379,Workstation,macOS Sonoma,Brave,6b:01:06:de:ab:2d,macOS Sonoma_Brave_3a3ac273
D0380,Laptop,Ubuntu 22.04,Edge,28:23:7a:92:53:e2,Ubuntu 22.04_Edge_85616036
D0381,Workstation,Ubuntu 22.04,Brave,cc:2d:e2:af:2c:44,Ubuntu 22.04_Brave_e4b325f8
D0382,Desktop,macOS Sonoma,Firefox,f2:cd:46:f5:11:20,macOS Sonoma_Firefox_5ba8c77a
D0383,Workstation,Windows 10,Chrome,f3:ee:79:30:df:7b,Windows 10_Chrome_bb1e223c
D0384,Laptop,macOS Sonoma,Firefox,a6:0d:b2:98:81:c9,macOS Sonoma_Firefox_cfc7a13f
D0385,Laptop,Windows 10,Brave,91:12:cb:5d:a9:0f,Windows 10_Brave_8a9279d5
D0386,Laptop,Windows 11,Firefox,40:32:08:c7:2d:b8,Windows 11_Firefox_d4e57fd9
D0387,Laptop,Ubuntu 22.04,Brave,4a:d7:a3:17:db:85,Ubuntu 22.04_Brave_c3b19856
D0388,Laptop,Ubuntu 22.04,Chrome,a1:34:d6:f5:46:13,Ubuntu 22.04_Chrome_71a0ca12
D0389,Desktop,Ubuntu 22.04,Edge,8b:85:d9:66:f5:81,Ubuntu 22.04_Edge_bba314a2
D0390,Workstation,Windows 11,Firefox,86:5b:a1:bd:51:78,Windows 11_Firefox_e74cca4b
D0391,Workstation,Windows 11,Chrome,dc:ee:15:39:36:7b,Windows 11_Chrome_2a6ab6bd
D0392,Laptop,Windows 11,Edge,06:38:f5:7c:b9:2f,Windows 11_Edge_e868169f
D0393,Laptop,macOS Sonoma,Chrome,13:ab:6b:8b:3d:f5,macOS Sonoma_Chrome_997cb82d
D0394,Laptop,Ubuntu 22.04,Firefox,16:ae:bb:af:b0:fa,Ubuntu 22.04_Firefox_9358e808
D0395,Desktop,Ubuntu 22.04,Firefox,7b:04:9a:01:a9:04,Ubuntu 22.04_Firefox_a991db9d
D0396,Workstation,Windows 10,Chrome,67:4d:4e:23:22:ff,Windows 10_Chrome_32d06331
D0397,Laptop,Ubuntu 22.04,Chrome,38:9d:6e:2c:f1:b7,Ubuntu 22.04_Chrome_ed35a4a9
D0398,Laptop,Ubuntu 22.04,Brave,3d:78:f4:17:95:ac,Ubuntu 22.04_Brave_3c7921ce
D0399,Laptop,Windows 11,Edge,63:de:9f:f4:39:3e,Windows 11_Edge_914c189f
D0400,Desktop,Windows 10,Chrome,bc:6a:08:83:48:1e,Windows 10_Chrome_ccfd7954
D0401,Desktop,Windows 10,Brave,2d:9c:0a:6d:96:e8,Windows 10_Brave_9d966cc8
D0402,Desktop,Windows 10,Chrome,30:56:30:ca:da:06,Windows 10_Chrome_7eefa74a
D0403,Desktop,Windows 10,Edge,82:c4:7d:bd:02:a0,Windows 10_Edge_63df184c
D0404,Desktop,Ubuntu 22.04,Brave,be:e1:ad:ff:4a:c9,Ubuntu 22.04_Brave_8d6fdf26
D0405,Workstation,Ubuntu 22.04,Firefox,d1:de:58:60:12:8d,Ubuntu 22.04_Firefox_dc225cd9
D0406,Laptop,Ubuntu 22.04,Edge,ba:57:89:5e:c7:39,Ubuntu 22.04_Edge_33075c60
D0407,Workstation,Windows 11,Chrome,6d:51:1d:79:5d:f0,Windows 11_Chrome_6cc813cb
D0408,Desktop,Ubuntu 22.04,Firefox,fc:8d:16:cc:65:ed,Ubuntu 22.04_Firefox_58dbb67a
D0409,Laptop,macOS Sonoma,Edge,13:d0:31:48:61:8e,macOS Sonoma_Edge_90bd29b8
D0410,Workstation,Windows 11,Chrome,3b:97:b4:04:ff:42,Windows 11_Chrome_adffc287
D0411,Workstation,macOS Sonoma,Chrome,26:c6:da:56:2d:13,macOS Sonoma_Chrome_2b65cc31
D0412,Workstation,Ubuntu 22.04,Firefox,ff:e7:1f:d9:fa:e8,Ubuntu 22.04_Firefox_bf962de6
D0413,Workstation,macOS Sonoma,Chrome,8e:a8:5b:23:5e:3b,macOS Sonoma_Chrome_066bc70a
D0414,Desktop,Windows 11,Brave,8e:5e:c3:cb:29:58,Windows 11_Brave_1e217119
D0415,Workstation,Ubuntu 22.04,Edge,ff:b3:f6:1b:de:33,Ubuntu 22.04_Edge_6d08efc6
D0416,Laptop,Windows 10,Edge,07:ab:91:27:01:28,Windows 10_Edge_08b2d84f
D0417,Workstation,Windows 10,Firefox,2a:8c:3b:07:b9:ac,Windows 10_Firefox_55da4b5c
D0418,Laptop,macOS Sonoma,Brave,03:77:24:5e:ae:c7,macOS Sonoma_Brave_270e7470
D0419,Laptop,macOS Sonoma,Brave,6a:d1:53:6e:46:ab,macOS Sonoma_Brave_2d9fb6bb
D0420,Laptop,Ubuntu 22.04,Chrome,8d:b0:8e:76:18:62,Ubuntu 22.04_Chrome_830b1771
D0421,Workstation,Ubuntu 22.04,Firefox,e9:d4:ef:e2:10:af,Ubuntu 22.04_Firefox_e23c7f5d
D0422,Laptop,Windows 10,Edge,0b:78:90:69:7f:2d,Windows 10_Edge_0608c2ae
D0423,Workstation,macOS Sonoma,Brave,34:aa:ec:1f:75:a5,macOS Sonoma_Brave_9fc906ab
D0424,Workstation,macOS Sonoma,Firefox,ee:7f:79:17:35:00,macOS Sonoma_Firefox_2785d884
D0425,Workstation,Windows 11,Brave,c7:46:33:17:d0:e1,Windows 11_Brave_72bdbf2f
D0426,Workstation,macOS Sonoma,Firefox,42:c2:a4:3f:8e:81,macOS Sonoma_Firefox_8cc6e384
D0427,Laptop,macOS Sonoma,Edge,0e:8b:5f:66:2f:06,macOS Sonoma_Edge_d31fa63b
D0428,Workstation,macOS Sonoma,Edge,23:ca:cc:60:e8:80,macOS Sonoma_Edge_43be061e
D0429,Laptop,Windows 11,Firefox,3b:53:99:9e:ed:f8,Windows 11_Firefox_5ad05415
D0430,Workstation,Ubuntu 22.04,Chrome,f0:a7:4a:71:11:9b,Ubuntu 22.04_Chrome_d27c1eaa
D0431,Workstation,macOS Sonoma,Edge,9e:e9:a6:33:2f:19,macOS Sonoma_Edge_c058a0e9
D0432,Laptop,Ubuntu 22.04,Brave,0e:4e:9d:e9:e8:bf,Ubuntu 22.04_Brave_46efad2d
D0433,Workstation,Ubuntu 22.04,Chrome,fe:86:b6:f7:60:17,Ubuntu 22.04_Chrome_7a957065
D0434,Workstation,macOS Sonoma,Chrome,4a:d1:3d:52:2e:1d,macOS Sonoma_Chrome_d5ce3225
D0435,Laptop,Windows 10,Brave,1b:56:98:a0:85:e6,Windows 10_Brave_9e5cf60f
D0436,Laptop,Windows 11,Chrome,00:5f:1c:1c:67:19,Windows 11_Chrome_488bf966
D0437,Workstation,macOS Sonoma,Firefox,6a:89:dd:82:c1:6e,macOS Sonoma_Firefox_03b9a001
D0438,Laptop,Ubuntu 22.04,Firefox,fd:37:3b:2c:54:a3,Ubuntu 22.04_Firefox_a331f921
D0439,Workstation,Ubuntu 22.04,Edge,4c:b9:a7:08:22:1a,Ubuntu 22.04_Edge_0ea41634
D0440,Laptop,Windows 11,Brave,84:d6:4b:ca:1a:85,Windows 11_Brave_acf1001d
D0441,Laptop,macOS Sonoma,Chrome,bc:4d:8f:13:93:37,macOS Sonoma_Chrome_026c4fef
D0442,Laptop,macOS Sonoma,Firefox,d5:89:34:ac:81:28,macOS Sonoma_Firefox_c39a6253
D0443,Desktop,Ubuntu 22.04,Edge,2c:f3:0e:90:29:fe,Ubuntu 22.04_Edge_3cc1cffd
D0444,Laptop,Windows 11,Chrome,5c:fc:ef:c9:f7:75,Windows 11_Chrome_d20aa4d7
D0445,Desktop,Windows 11,Chrome,84:33:60:6c:ca:b8,Windows 11_Chrome_449480cf
D0446,Desktop,Windows 10,Edge,e0:63:46:b4:07:c5,Windows 10_Edge_9466bfaf
D0447,Desktop,Ubuntu 22.04,Brave,52:9f:37:35:33:6c,Ubuntu 22.04_Brave_2d101c74
D0448,Laptop,macOS Sonoma,Chrome,de:1f:1c:ce:6a:10,macOS Sonoma_Chrome_f883fd6b
D0449,Workstation,Ubuntu 22.04,Brave,7b:68:ea:6e:5b:88,Ubuntu 22.04_Brave_6fa42cd2
D0450,Laptop,macOS Sonoma,Edge,a8:b4:18:e0:bb:7d,macOS Sonoma_Edge_40940df3
D0451,Workstation,macOS Sonoma,Firefox,a2:61:5b:0d:05:16,macOS Sonoma_Firefox_6a172392
D0452,Laptop,Ubuntu 22.04,Edge,d1:48:2d:a7:ee:96,Ubuntu 22.04_Edge_8813da1d
D0453,Laptop,Windows 10,Brave,fc:f5:90:e0:97:0c,Windows 10_Brave_1275cef8
D0454,Desktop,Ubuntu 22.04,Brave,8c:10:62:d7:d8:16,Ubuntu 22.04_Brave_761e9ce8
D0455,Laptop,Windows 11,Firefox,a5:f3:26:f9:40:af,Windows 11_Firefox_f795cd3c
D0456,Workstation,macOS Sonoma,Chrome,55:f1:30:0f:95:6a,macOS Sonoma_Chrome_3e304865
D0457,Laptop,Windows 11,Chrome,9a:e4:82:06:21:62,Windows 11_Chrome_aa1e8539
D0458,Desktop,Ubuntu 22.04,Firefox,6c:e0:16:62:ee:90,Ubuntu 22.04_Firefox_8311e529
D0459,Workstation,Ubuntu 22.04,Chrome,c4:44:23:89:c6:c2,Ubuntu 22.04_Chrome_9a665970
D0460,Workstation,Windows 11,Edge,b8:32:0a:1c:b2:c9,Windows 11_Edge_09cdc7ae
D0461,Desktop,Windows 10,Brave,6a:27:b5:02:d0:4d,Windows 10_Brave_82e8f1c6
D0462,Laptop,Windows 11,Chrome,13:1e:ce:61:24:0c,Windows 11_Chrome_30ba37f3
D0463,Laptop,Windows 11,Edge,9b:00:ee:f0:83:7a,Windows 11_Edge_e08836c1
D0464,Workstation,macOS Sonoma,Firefox,bd:81:a9:11:36:37,macOS Sonoma_Firefox_4ac85b5d
D0465,Desktop,Windows 10,Edge,a3:c7:54:b3:d1:93,Windows 10_Edge_e9093fdc
D0466,Laptop,Windows 10,Chrome,78:54:b4:3b:44:bb,Windows 10_Chrome_24cb57bf
D0467,Laptop,Windows 11,Chrome,79:10:e4:db:91:40,Windows 11_Chrome_9a3a011e
D0468,Laptop,macOS Sonoma,Brave,10:63:de:7d:f4:28,macOS Sonoma_Brave_b710454c
D0469,Desktop,Windows 11,Brave,9b:4a:26:6b:c3:85,Windows 11_Brave_1ec8dd43
D0470,Desktop,Windows 10,Firefox,53:f4:d9:2e:64:54,Windows 10_Firefox_99b71e8a
D0471,Laptop,macOS Sonoma,Brave,f8:79:94:f4:68:4c,macOS Sonoma_Brave_4ceafac7
D0472,Desktop,Ubuntu 22.04,Chrome,87:32:a4:b4:78:65,Ubuntu 22.04_Chrome_aebfec5f
D0473,Laptop,Ubuntu 22.04,Brave,d9:6f:70:ef:ca:df,Ubuntu 22.04_Brave_3c3ce1c5
D0474,Workstation,Windows 10,Firefox,40:98:cd:ad:7b:dc,Windows 10_Firefox_503d70c0
D0475,Workstation,Windows 10,Brave,f4:9b:0d:cc:d1:91,Windows 10_Brave_9c8a4b6a
D0476,Laptop,macOS Sonoma,Firefox,2a:98:17:b5:6b:b3,macOS Sonoma_Firefox_82723a3a
D0477,Desktop,macOS Sonoma,Firefox,23:7b:0f:63:17:e4,macOS Sonoma_Firefox_81dca4b6
D0478,Workstation,Windows 10,Brave,03:b5:d7:07:0b:3b,Windows 10_Brave_e695d290
D0479,Desktop,Windows 11,Firefox,bf:7f:bc:5d:45:04,Windows 11_Firefox_be958677
D0480,Workstation,Ubuntu 22.04,Chrome,4f:1c:24:bd:b5:8f,Ubuntu 22.04_Chrome_75ad2f54
D0481,Workstation,Windows 11,Firefox,c6:d0:1f:57:f7:3b,Windows 11_Firefox_c2aacf98
D0482,Laptop,macOS Sonoma,Edge,db:7a:a8:4c:2c:dd,macOS Sonoma_Edge_dce0d2fa
D0483,Workstation,Ubuntu 22.04,Firefox,32:01:77:c9:12:23,Ubuntu 22.04_Firefox_6b763189
D0484,Workstation,macOS Sonoma,Firefox,75:24:16:35:68:3b,macOS Sonoma_Firefox_74bba0c0
D0485,Workstation,macOS Sonoma,Edge,ab:43:9b:9f:1f:75,macOS Sonoma_Edge_ffa64f21
D0486,Laptop,Windows 10,Firefox,0d:90:6b:7c:f7:53,Windows 10_Firefox_b8cbdcab
D0487,Laptop,macOS Sonoma,Firefox,84:dc:bb:86:7c:8a,macOS Sonoma_Firefox_b6e60251
D0488,Laptop,Windows 10,Brave,bd:09:94:4f:01:42,Windows 10_Brave_0b7a683c
D0489,Laptop,macOS Sonoma,Edge,40:35:c2:3b:1b:76,macOS Sonoma_Edge_8611276f
D0490,Workstation,Ubuntu 22.04,Chrome,b0:08:a3:da:1c:ca,Ubuntu 22.04_Chrome_48b94b65
D0491,Workstation,Windows 11,Chrome,32:57:8f:14:ad:e1,Windows 11_Chrome_59e7a8bb
D0492,Desktop,Windows 11,Chrome,74:b2:a7:57:47:bc,Windows 11_Chrome_93176c4b
D0493,Laptop,macOS Sonoma,Edge,55:5d:ed:19:2c:6e,macOS Sonoma_Edge_9d87a2f1
D0494,Workstation,Windows 11,Brave,17:02:7e:03:a3:c8,Windows 11_Brave_a52fd4c8
D0495,Desktop,macOS Sonoma,Edge,3a:6f:4c:8b:d4:24,macOS Sonoma_Edge_2fbbd183
D0496,Workstation,Ubuntu 22.04,Brave,97:37:49:e1:9c:fa,Ubuntu 22.04_Brave_0e485618
D0497,Workstation,Ubuntu 22.04,Edge,b0:16:1d:98:9d:19,Ubuntu 22.04_Edge_15fd16bc
D0498,Desktop,Windows 11,Brave,a1:f6:31:b3:ff:60,Windows 11_Brave_b5ec7960
D0499,Desktop,Windows 11,Firefox,78:22:37:ad:06:e7,Windows 11_Firefox_8ae2a7c0
D0500,Laptop,Windows 11,Chrome,ec:68:ae:bb:5e:f8,Windows 11_Chrome_63709c5e
D0501,Desktop,macOS Sonoma,Brave,1d:81:b7:16:2a:a1,macOS Sonoma_Brave_ee7aa015
D0502,Desktop,Ubuntu 22.04,Chrome,30:ca:6f:7f:2a:56,Ubuntu 22.04_Chrome_d0013f1a
D0503,Workstation,Ubuntu 22.04,Brave,98:6d:31:ce:0e:c8,Ubuntu 22.04_Brave_b9b355b7
D0504,Laptop,Windows 10,Chrome,8c:04:20:ea:9c:cd,Windows 10_Chrome_163b31d8
D0505,Laptop,Windows 10,Brave,40:07:b6:96:c9:63,Windows 10_Brave_4e89742a
D0506,Workstation,Ubuntu 22.04,Firefox,54:df:b9:f6:f8:98,Ubuntu 22.04_Firefox_aeb98b93
D0507,Workstation,Windows 11,Chrome,cb:f7:1b:6f:16:71,Windows 11_Chrome_0d4b5513
D0508,Laptop,Windows 10,Brave,50:8c:06:dc:df:0a,Windows 10_Brave_817f35d1
D0509,Desktop,macOS Sonoma,Brave,50:2b:30:b9:0f:da,macOS Sonoma_Brave_4fbaaad4
D0510,Desktop,Windows 10,Chrome,86:98:0b:93:87:35,Windows 10_Chrome_440ff251
D0511,Laptop,Windows 10,Firefox,39:ae:00:8c:ce:db,Windows 10_Firefox_79e988e7
D0512,Laptop,Ubuntu 22.04,Brave,36:ef:76:7b:e3:e4,Ubuntu 22.04_Brave_5cbc0621
D0513,Desktop,macOS Sonoma,Chrome,58:4d:b8:9f:7e:b0,macOS Sonoma_Chrome_c3fe0603
D0514,Desktop,Ubuntu 22.04,Edge,2f:f4:30:b3:80:4c,Ubuntu 22.04_Edge_bcef452d
D0515,Desktop,Windows 10,Firefox,16:13:97:99:83:40,Windows 10_Firefox_047e4466
D0516,Workstation,Windows 10,Firefox,bc:8d:26:74:97:a5,Windows 10_Firefox_e9c0c5ee
D0517,Laptop,Windows 10,Brave,e8:26:29:c3:e2:31,Windows 10_Brave_ddaa820d
D0518,Desktop,Windows 10,Brave,81:d9:ef:b9:fe:b8,Windows 10_Brave_8cefd6ab
D0519,Desktop,macOS Sonoma,Edge,30:f5:d5:02:7f:1d,macOS Sonoma_Edge_271f5a80
D0520,Laptop,Ubuntu 22.04,Chrome,51:62:58:d4:fd:5d,Ubuntu 22.04_Chrome_e273712c
D0521,Laptop,macOS Sonoma,Firefox,d6:6c:e3:bd:14:b3,macOS Sonoma_Firefox_2805fc3e
D0522,Workstation,Windows 11,Edge,5e:e2:f1:59:d9:da,Windows 11_Edge_1bdbbb90
D0523,Laptop,Windows 10,Brave,01:30:75:71:17:8f,Windows 10_Brave_c004f642
D0524,Laptop,Windows 11,Chrome,6c:de:7c:e5:91:ca,Windows 11_Chrome_33b7f625
D0525,Workstation,macOS Sonoma,Edge,75:06:a0:d3:e7:de,macOS Sonoma_Edge_2cce6a2b
D0526,Laptop,macOS Sonoma,Edge,c5:35:f0:03:3e:23,macOS Sonoma_Edge_170eef8d
D0527,Workstation,Ubuntu 22.04,Chrome,6b:0b:10:27:7c:ca,Ubuntu 22.04_Chrome_7cf9509a
D0528,Laptop,macOS Sonoma,Brave,8f:68:f7:2e:2f:30,macOS Sonoma_Brave_4557304e
D0529,Desktop,Windows 10,Chrome,c3:4f:70:8b:0c:d4,Windows 10_Chrome_b4fcc35e
D0530,Laptop,Ubuntu 22.04,Firefox,53:61:7f:da:5a:11,Ubuntu 22.04_Firefox_1b30c524
D0531,Laptop,Ubuntu 22.04,Firefox,42:ba:3a:bd:0d:ff,Ubuntu 22.04_Firefox_7b3c6c7c
D0532,Laptop,Windows 10,Edge,17:c7:26:1b:e9:24,Windows 10_Edge_7c2e170f
D0533,Workstation,Windows 11,Chrome,b3:6a:b4:dd:9f:3b,Windows 11_Chrome_f554c71a
D0534,Laptop,Ubuntu 22.04,Firefox,94:42:69:db:2d:6f,Ubuntu 22.04_Firefox_f7006cd8
D0535,Workstation,macOS Sonoma,Firefox,f7:9d:68:f4:54:99,macOS Sonoma_Firefox_b3275672
D0536,Workstation,macOS Sonoma,Brave,ae:dc:04:2d:0e:89,macOS Sonoma_Brave_78e080a1
D0537,Desktop,macOS Sonoma,Chrome,be:e1:68:42:3b:c4,macOS Sonoma_Chrome_e790cad9
D0538,Laptop,Windows 10,Edge,51:eb:4d:e0:bf:b4,Windows 10_Edge_5335f318
D0539,Laptop,Ubuntu 22.04,Firefox,7b:07:ac:af:c5:5a,Ubuntu 22.04_Firefox_ee87e16d
D0540,Desktop,Windows 10,Firefox,e6:2b:b4:96:15:d9,Windows 10_Firefox_70ed90dc
D0541,Workstation,Windows 10,Chrome,79:23:66:96:0c:d9,Windows 10_Chrome_089d180a
D0542,Desktop,Windows 11,Firefox,50:83:2b:ca:32:74,Windows 11_Firefox_ec1e2950
D0543,Workstation,Windows 10,Firefox,71:33:9a:88:c9:49,Windows 10_Firefox_9037a5d0
D0544,Desktop,Windows 10,Brave,6f:b4:ed:ef:96:01,Windows 10_Brave_ba4517f8
D0545,Laptop,Windows 11,Chrome,60:5e:a5:14:84:f3,Windows 11_Chrome_7d625ef3
D0546,Laptop,Windows 11,Firefox,ba:9a:d9:57:38:e5,Windows 11_Firefox_7ded1bd6
D0547,Laptop,Ubuntu 22.04,Edge,5f:05:5f:09:35:0f,Ubuntu 22.04_Edge_2a2297aa
D0548,Desktop,Windows 10,Edge,ba:7f:7c:36:80:b5,Windows 10_Edge_469f74cd
D0549,Workstation,macOS Sonoma,Chrome,9c:3c:48:c7:61:1d,macOS Sonoma_Chrome_75fba078
D0550,Workstation,Windows 11,Brave,5b:89:3f:5e:e9:68,Windows 11_Brave_887abee8
D0551,Workstation,Ubuntu 22.04,Firefox,69:f7:47:17:85:a7,Ubuntu 22.04_Firefox_b3d2ebf5
D0552,Laptop,Ubuntu 22.04,Brave,5a:48:53:87:fe:58,Ubuntu 22.04_Brave_ead7579f
D0553,Desktop,Windows 11,Firefox,9c:82:3c:92:21:be,Windows 11_Firefox_e66eef5b
D0554,Workstation,Windows 11,Edge,e2:8c:0a:f5:5c:2e,Windows 11_Edge_fbf35867
D0555,Workstation,Windows 10,Chrome,1d:14:da:67:8e:85,Windows 10_Chrome_85bcc923
D0556,Laptop,Windows 10,Edge,32:fb:f1:26:e4:af,Windows 10_Edge_06073172
D0557,Desktop,macOS Sonoma,Edge,be:1a:bc:bf:bf:af,macOS Sonoma_Edge_8a893f1d
D0558,Workstation,Windows 10,Firefox,9d:e3:c9:9f:85:d2,Windows 10_Firefox_92b22221
D0559,Desktop,Ubuntu 22.04,Chrome,ee:2b:2c:42:f6:54,Ubuntu 22.04_Chrome_f6db3d37
D0560,Workstation,Ubuntu 22.04,Edge,b1:57:66:a4:db:b7,Ubuntu 22.04_Edge_5f7b7da1
D0561,Workstation,macOS Sonoma,Edge,ed:c2:c0:e5:8f:52,macOS Sonoma_Edge_25b2d456
D0562,Laptop,Windows 11,Firefox,de:fc:d7:99:44:67,Windows 11_Firefox_58c3f15d
D0563,Workstation,Windows 11,Firefox,5c:62:c9:ff:c2:8f,Windows 11_Firefox_6215e2db
D0564,Desktop,Windows 10,Edge,e2:73:10:85:0f:33,Windows 10_Edge_aa464ae1
D0565,Desktop,Ubuntu 22.04,Brave,88:f3:13:93:2a:fc,Ubuntu 22.04_Brave_16726c15
D0566,Desktop,Windows 11,Edge,81:04:01:51:d6:17,Windows 11_Edge_439c81a4
D0567,Workstation,Windows 11,Firefox,98:7c:52:34:ec:58,Windows 11_Firefox_736af767
D0568,Laptop,macOS Sonoma,Firefox,d8:bf:a0:24:e8:88,macOS Sonoma_Firefox_800fa360
D0569,Desktop,Windows 11,Firefox,19:93:98:ba:a1:fa,Windows 11_Firefox_6fffa843
D0570,Desktop,Windows 11,Firefox,d0:23:ee:0a:87:0b,Windows 11_Firefox_86bb3dba
D0571,Workstation,Windows 10,Edge,05:7e:75:b5:ea:d7,Windows 10_Edge_a6f8623c
D0572,Laptop,macOS Sonoma,Firefox,d6:d0:b3:0a:2c:57,macOS Sonoma_Firefox_329c2523
D0573,Desktop,Windows 10,Edge,b7:14:62:5c:7b:5f,Windows 10_Edge_5ee25d68
D0574,Laptop,macOS Sonoma,Brave,9e:b5:25:54:e4:81,macOS Sonoma_Brave_874f5b6c
D0575,Workstation,Windows 11,Brave,20:02:ba:38:59:cb,Windows 11_Brave_6e6f69b6
D0576,Workstation,Windows 10,Chrome,f0:a7:14:55:56:66,Windows 10_Chrome_02e40e1b
D0577,Laptop,Windows 11,Firefox,78:b3:cd:3e:10:06,Windows 11_Firefox_54330b21
D0578,Workstation,Ubuntu 22.04,Brave,19:c5:31:11:c8:2a,Ubuntu 22.04_Brave_94ceb86f
D0579,Desktop,Windows 11,Brave,88:1b:36:db:a9:c1,Windows 11_Brave_f9dfd2bf
D0580,Laptop,Ubuntu 22.04,Brave,ee:cb:d0:7d:b1:82,Ubuntu 22.04_Brave_3d93e2b3
D0581,Desktop,macOS Sonoma,Edge,92:e2:a0:00:f3:2c,macOS Sonoma_Edge_d3887f82
D0582,Workstation,Windows 10,Edge,bc:3c:c1:41:94:85,Windows 10_Edge_2a6b2848
D0583,Desktop,macOS Sonoma,Edge,15:e3:35:7f:a5:cd,macOS Sonoma_Edge_ea91db41
D0584,Desktop,Windows 10,Chrome,d4:5a:22:19:18:8a,Windows 10_Chrome_15afa5ec
D0585,Laptop,Windows 11,Chrome,e0:05:6e:6e:94:06,Windows 11_Chrome_0c064e42
D0586,Laptop,Ubuntu 22.04,Brave,15:cf:93:32:4c:6a,Ubuntu 22.04_Brave_d66c20c3
D0587,Laptop,Windows 11,Firefox,2a:c4:e1:1a:99:8d,Windows 11_Firefox_a336737d
D0588,Laptop,Windows 10,Edge,51:a4:db:fa:05:0e,Windows 10_Edge_f0515e51
D0589,Laptop,Ubuntu 22.04,Edge,9f:23:55:9c:ec:69,Ubuntu 22.04_Edge_6c6a00db
D0590,Workstation,Windows 10,Chrome,cf:ab:ed:7d:8b:3b,Windows 10_Chrome_2c6a3074
D0591,Laptop,macOS Sonoma,Edge,76:93:94:a7:03:ac,macOS Sonoma_Edge_bfb1f0f9
D0592,Laptop,macOS Sonoma,Firefox,be:1e:7a:b7:0e:30,macOS Sonoma_Firefox_a31c1b1d
D0593,Laptop,macOS Sonoma,Edge,a0:44:c6:39:a4:1c,macOS Sonoma_Edge_1103f3c9
D0594,Workstation,Windows 11,Brave,0d:b8:92:eb:ee:c6,Windows 11_Brave_233dfdd3
D0595,Laptop,macOS Sonoma,Firefox,73:cc:a6:08:60:43,macOS Sonoma_Firefox_9b2841bc
D0596,Laptop,macOS Sonoma,Edge,42:ff:00:c3:32:ae,macOS Sonoma_Edge_7c0a324e
D0597,Laptop,macOS Sonoma,Firefox,c3:41:a5:cb:bf:2f,macOS Sonoma_Firefox_1913a364
D0598,Desktop,Windows 10,Chrome,0a:dc:d2:37:dc:0a,Windows 10_Chrome_850602b8
D0599,Desktop,macOS Sonoma,Edge,58:85:bb:c1:79:67,macOS Sonoma_Edge_abfce6c9
D0600,Desktop,Windows 10,Edge,db:09:f9:16:33:b1,Windows 10_Edge_84e155be
D0601,Workstation,Ubuntu 22.04,Chrome,19:9c:f8:3c:27:11,Ubuntu 22.04_Chrome_bd804d19
D0602,Laptop,Windows 10,Edge,1f:ca:e4:2d:e6:39,Windows 10_Edge_09a450f4
D0603,Desktop,Windows 10,Firefox,98:97:a9:06:d1:16,Windows 10_Firefox_5ded71de
D0604,Desktop,macOS Sonoma,Brave,f6:ee:00:e9:f1:6b,macOS Sonoma_Brave_ca68787c
D0605,Desktop,macOS Sonoma,Edge,3b:e9:00:47:17:d3,macOS Sonoma_Edge_7fd31a71
D0606,Workstation,Windows 11,Edge,a4:43:c6:99:22:c7,Windows 11_Edge_0a4adcd4
D0607,Desktop,Windows 10,Edge,87:5d:ca:bf:ff:f7,Windows 10_Edge_7bb61588
D0608,Desktop,Windows 11,Edge,e2:35:89:b2:4b:e7,Windows 11_Edge_f4abfd7b
D0609,Workstation,Windows 11,Edge,f5:e3:b7:57:f5:9c,Windows 11_Edge_3acadc61
D0610,Desktop,Ubuntu 22.04,Chrome,46:4a:ca:1a:e4:48,Ubuntu 22.04_Chrome_247670a4
D0611,Desktop,Windows 11,Edge,53:ee:c3:2b:cc:02,Windows 11_Edge_39482d53
D0612,Workstation,macOS Sonoma,Edge,1b:17:9d:9c:63:c0,macOS Sonoma_Edge_b9fad328
D0613,Desktop,Windows 10,Edge,da:1a:39:58:cd:7c,Windows 10_Edge_7f17eadf
D0614,Workstation,Ubuntu 22.04,Edge,23:73:03:32:98:e9,Ubuntu 22.04_Edge_6d9b9435
D0615,Workstation,Windows 10,Edge,57:a5:31:ad:88:56,Windows 10_Edge_c14a3e7c
D0616,Laptop,Windows 11,Chrome,a9:da:c6:60:1e:5f,Windows 11_Chrome_9dabdee8
D0617,Laptop,macOS Sonoma,Firefox,31:49:a0:08:9a:b1,macOS Sonoma_Firefox_ad84f932
D0618,Laptop,Windows 10,Brave,df:90:26:d1:c7:56,Windows 10_Brave_68bbe34e
D0619,Workstation,Windows 10,Edge,f7:11:08:21:a8:2e,Windows 10_Edge_b60370fb
D0620,Workstation,Ubuntu 22.04,Firefox,e6:bd:b9:6a:05:cf,Ubuntu 22.04_Firefox_b59d6cab
D0621,Desktop,Windows 10,Firefox,4b:8c:c0:5a:24:83,Windows 10_Firefox_56823a53
D0622,Workstation,macOS Sonoma,Brave,1d:5c:4e:15:46:15,macOS Sonoma_Brave_8a03125a
D0623,Workstation,Windows 10,Chrome,41:19:a7:ee:e2:44,Windows 10_Chrome_36ca168d
D0624,Desktop,macOS Sonoma,Brave,14:f3:b0:d3:74:f5,macOS Sonoma_Brave_a1835c78
D0625,Workstation,Ubuntu 22.04,Brave,e6:9b:9d:6e:91:67,Ubuntu 22.04_Brave_d7025a49
D0626,Workstation,Windows 10,Edge,7a:bc:d7:f5:8f:61,Windows 10_Edge_d2c637e2
D0627,Desktop,Windows 11,Edge,75:10:d6:e5:4a:23,Windows 11_Edge_b1b2d04e
D0628,Desktop,Ubuntu 22.04,Brave,93:57:2f:8f:33:d2,Ubuntu 22.04_Brave_d3974da4
D0629,Laptop,macOS Sonoma,Edge,4c:01:da:08:b1:03,macOS Sonoma_Edge_5554518c
D0630,Workstation,Windows 11,Chrome,c0:d0:e2:ab:fe:5b,Windows 11_Chrome_6e8874e2
D0631,Workstation,Windows 10,Chrome,55:3f:7b:56:05:4f,Windows 10_Chrome_4f3dbac5
D0632,Desktop,Windows 10,Brave,45:86:6f:d2:09:f0,Windows 10_Brave_41674f27
D0633,Desktop,Windows 11,Firefox,ff:1a:6b:61:85:37,Windows 11_Firefox_3d7ebc40
D0634,Workstation,Windows 10,Edge,27:2a:1e:a3:b3:33,Windows 10_Edge_6f0da913
D0635,Workstation,Ubuntu 22.04,Firefox,37:0d:df:92:4b:83,Ubuntu 22.04_Firefox_e5fb62d2
D0636,Workstation,Windows 10,Chrome,99:98:d7:f7:be:06,Windows 10_Chrome_907edafc
D0637,Desktop,Ubuntu 22.04,Firefox,50:0c:43:16:3d:51,Ubuntu 22.04_Firefox_4592d069
D0638,Workstation,Ubuntu 22.04,Edge,51:96:46:e2:bd:27,Ubuntu 22.04_Edge_23c50723
D0639,Workstation,macOS Sonoma,Edge,11:28:ec:fc:b2:2f,macOS Sonoma_Edge_a0e35900
D0640,Desktop,macOS Sonoma,Chrome,f4:9a:15:f8:cc:74,macOS Sonoma_Chrome_13ac091b
D0641,Desktop,Windows 11,Edge,db:db:6b:20:45:0e,Windows 11_Edge_74bf44f4
D0642,Laptop,Ubuntu 22.04,Edge,10:d9:1b:43:78:f8,Ubuntu 22.04_Edge_b37a964e
D0643,Workstation,Ubuntu 22.04,Chrome,6c:8b:eb:28:0c:f1,Ubuntu 22.04_Chrome_312ac6c2
D0644,Laptop,Ubuntu 22.04,Firefox,36:16:23:ae:01:f0,Ubuntu 22.04_Firefox_2a1abef9
D0645,Workstation,Windows 11,Brave,92:1f:d7:ee:f0:a8,Windows 11_Brave_fa681525
D0646,Desktop,Ubuntu 22.04,Edge,2f:b6:d2:34:78:06,Ubuntu 22.04_Edge_4c458144
D0647,Desktop,Windows 10,Chrome,24:94:af:4f:eb:b9,Windows 10_Chrome_9db546c7
D0648,Workstation,Windows 11,Chrome,4f:b7:56:c2:1e:10,Windows 11_Chrome_5776da2f
D0649,Laptop,Windows 11,Chrome,d7:25:63:ed:db:28,Windows 11_Chrome_fffc2165
D0650,Workstation,Windows 10,Brave,0d:d6:ee:35:06:97,Windows 10_Brave_85f4115b
D0651,Desktop,macOS Sonoma,Brave,47:d9:50:36:aa:c5,macOS Sonoma_Brave_22544667
D0652,Laptop,macOS Sonoma,Brave,e7:0c:c3:2b:b4:07,macOS Sonoma_Brave_f3cd6737
D0653,Desktop,macOS Sonoma,Firefox,c7:79:d3:d6:a7:42,macOS Sonoma_Firefox_9daa8905
D0654,Workstation,Ubuntu 22.04,Edge,c8:a7:1e:0e:1c:73,Ubuntu 22.04_Edge_67ad998d
D0655,Desktop,macOS Sonoma,Chrome,88:04:ce:84:e2:65,macOS Sonoma_Chrome_b206134d
D0656,Desktop,Windows 11,Firefox,3f:5e:f9:a5:26:9d,Windows 11_Firefox_d1fb5f4a
D0657,Desktop,Windows 10,Edge,aa:7c:07:06:21:c5,Windows 10_Edge_32f57112
D0658,Desktop,Windows 11,Chrome,d2:15:cc:03:32:f2,Windows 11_Chrome_efccc06e
D0659,Workstation,Ubuntu 22.04,Firefox,8b:3a:00:af:f9:45,Ubuntu 22.04_Firefox_228b2259
D0660,Workstation,Ubuntu 22.04,Firefox,5b:70:11:78:89:a9,Ubuntu 22.04_Firefox_a8fb1ba5
D0661,Workstation,macOS Sonoma,Edge,15:9a:ad:b4:95:50,macOS Sonoma_Edge_f2a36552
D0662,Laptop,Windows 11,Brave,b8:99:a9:a4:41:69,Windows 11_Brave_eb252791
D0663,Laptop,Windows 10,Brave,4c:0c:a6:ba:98:01,Windows 10_Brave_abe07d4d
D0664,Workstation,Windows 10,Firefox,c8:60:c4:2e:7d:5e,Windows 10_Firefox_8ecb8827
D0665,Workstation,macOS Sonoma,Chrome,af:51:8e:d3:e3:ea,macOS Sonoma_Chrome_8d39caf4
D0666,Laptop,macOS Sonoma,Edge,94:92:87:83:84:51,macOS Sonoma_Edge_1acdd3dd
D0667,Workstation,Windows 10,Brave,e8:0e:40:4d:cc:67,Windows 10_Brave_a5b153eb
D0668,Workstation,macOS Sonoma,Firefox,84:46:1a:94:65:2c,macOS Sonoma_Firefox_e1651ffb
D0669,Workstation,Windows 11,Firefox,93:90:2e:9a:76:98,Windows 11_Firefox_01fd5d8f
D0670,Laptop,Ubuntu 22.04,Brave,84:97:af:34:57:65,Ubuntu 22.04_Brave_a4e66458
D0671,Workstation,macOS Sonoma,Brave,5f:7a:dc:2d:79:4a,macOS Sonoma_Brave_ef7d7705
D0672,Workstation,Ubuntu 22.04,Edge,54:ac:4e:2f:58:de,Ubuntu 22.04_Edge_e54cbb98
D0673,Laptop,Windows 11,Brave,8e:4b:3e:b3:b6:03,Windows 11_Brave_f02320cb
D0674,Workstation,Windows 11,Edge,4b:62:92:6e:88:07,Windows 11_Edge_5288a0bb
D0675,Laptop,macOS Sonoma,Brave,38:f7:e7:83:da:87,macOS Sonoma_Brave_f128b940
D0676,Workstation,Ubuntu 22.04,Chrome,a9:38:66:e2:48:ab,Ubuntu 22.04_Chrome_1a07b920
D0677,Desktop,macOS Sonoma,Chrome,3f:1d:8d:a4:b5:8e,macOS Sonoma_Chrome_91f5b94b
D0678,Workstation,Windows 10,Brave,da:09:20:06:97:a0,Windows 10_Brave_4014b1b7
D0679,Desktop,Windows 10,Brave,4d:5c:dd:11:2e:c9,Windows 10_Brave_990cfbd1
D0680,Workstation,Windows 11,Chrome,b4:ee:81:26:c1:01,Windows 11_Chrome_eef09dfc
D0681,Laptop,Windows 11,Firefox,85:c4:7b:2f:e4:ea,Windows 11_Firefox_6a5fe8dd
D0682,Laptop,Windows 11,Brave,06:02:f3:78:07:9a,Windows 11_Brave_42332e75
D0683,Workstation,Windows 11,Firefox,03:2a:dd:4f:7c:8f,Windows 11_Firefox_d99c3a68
D0684,Laptop,macOS Sonoma,Edge,d7:2c:24:1b:60:ad,macOS Sonoma_Edge_451cba54
D0685,Desktop,Ubuntu 22.04,Brave,11:2b:d3:f0:fc:ab,Ubuntu 22.04_Brave_9de1e956
D0686,Laptop,macOS Sonoma,Brave,1f:06:20:2b:06:b3,macOS Sonoma_Brave_a47fe6ad
D0687,Workstation,Windows 10,Firefox,1f:af:7c:36:1b:a1,Windows 10_Firefox_effefc21
D0688,Workstation,Ubuntu 22.04,Brave,ff:17:0c:c3:26:54,Ubuntu 22.04_Brave_4d55f5da
D0689,Laptop,Ubuntu 22.04,Brave,7c:08:7a:3d:32:8a,Ubuntu 22.04_Brave_b87cab2e
D0690,Workstation,macOS Sonoma,Edge,d5:41:56:30:3f:f5,macOS Sonoma_Edge_d4262166
D0691,Laptop,Ubuntu 22.04,Brave,56:be:b5:c3:3f:c8,Ubuntu 22.04_Brave_1cf99885
D0692,Workstation,macOS Sonoma,Brave,b1:38:e9:21:62:1d,macOS Sonoma_Brave_bde305b0
D0693,Workstation,macOS Sonoma,Edge,9b:b3:a7:d1:6c:9f,macOS Sonoma_Edge_fc3a0b91
D0694,Desktop,Windows 10,Brave,e6:8b:5d:dd:5d:56,Windows 10_Brave_00d7ddfb
D0695,Workstation,Windows 11,Edge,1a:4f:52:fb:5b:e5,Windows 11_Edge_7e487596
D0696,Laptop,macOS Sonoma,Firefox,1a:ae:ca:44:78:25,macOS Sonoma_Firefox_a178f426
D0697,Workstation,Windows 11,Brave,cd:80:e1:f0:b5:49,Windows 11_Brave_351e798b
D0698,Workstation,Windows 11,Chrome,4c:71:b5:9d:9f:e7,Windows 11_Chrome_73a43b2b
D0699,Laptop,Windows 10,Edge,be:d8:d3:4b:65:f1,Windows 10_Edge_ee06787a
D0700,Laptop,Windows 10,Edge,aa:d7:66:e1:1a:91,Windows 10_Edge_fc05c25b
