entity_id,entity_type,department,geo_location,device_id,device_fingerprint,auth_method,normal_login_start,normal_login_end,normal_session_duration,normal_failed_login_attempts,normal_resources
U0001,user,HR,Pune,D0159,Ubuntu 22.04_Edge_7b8a4348,MFA,8,10,143,0,"VPN,Jira"
U0002,user,Sales,Pune,D0501,Windows 11_Edge_81104afe,Biometric,8,10,94,0,"Confluence,HR Portal,Database,VPN"
U0003,user,Engineering,Pune,D0397,Windows 10_Brave_1421bcdd,Biometric,10,12,129,0,"Database,Finance DB,Internal Server,HR Portal"
U0004,user,IT,Pune,D0156,Windows 10_Edge_79633a06,Password,9,11,118,1,"CRM,Jira,Finance DB"
U0005,user,Support,Mumbai,D0322,Ubuntu 22.04_Firefox_38d8c0e5,Biometric,10,12,100,0,"CRM,GitHub"
U0006,user,HR,Hyderabad,D0213,Windows 11_Brave_9a213ed1,Password,10,12,82,1,"Internal Server,Confluence,Finance DB,HR Portal"
U0007,user,IT,Bangalore,D0235,Ubuntu 22.04_Chrome_cd24508f,MFA,8,10,163,0,"VPN,GitHub,Jira,HR Portal"
U0008,user,Marketing,Chennai,D0290,Windows 10_Brave_c250b556,MFA,9,11,152,1,"Database,Jira"
U0009,user,Finance,Pune,D0301,Ubuntu 22.04_Firefox_a47adf77,Password,9,11,120,0,"Internal Server,HR Portal,GitHub"
U0010,user,HR,Pune,D0357,Windows 10_Chrome_df7346b0,MFA,8,10,167,0,"Email,Jira,VPN"
U0011,user,IT,Chennai,D0674,macOS Sonoma_Firefox_a2ddcb0b,Password,10,12,78,1,"GitHub,CRM,HR Portal"
U0012,user,IT,Chennai,D0329,Windows 11_Edge_1e5e6a38,Biometric,9,11,60,0,"Database,Jira,Internal Server"
U0013,user,Support,Mumbai,D0200,Windows 10_Edge_b4c6ec5d,Biometric,10,12,137,0,"Jira,GitHub"
U0014,user,Engineering,Bangalore,D0079,macOS Sonoma_Firefox_101b6082,Password,10,12,96,1,"Finance DB,Jira"
U0015,user,Support,Chennai,D0600,macOS Sonoma_Firefox_c77d85e5,Biometric,10,12,61,0,"Database,Email"
U0016,user,Marketing,Hyderabad,D0571,macOS Sonoma_Edge_d117ffda,Biometric,8,10,101,0,"Finance DB,GitHub,CRM"
U0017,user,Support,Chennai,D0447,macOS Sonoma_Edge_10f07a02,Password,8,10,140,0,"GitHub,Confluence,Database"
U0018,user,Engineering,Hyderabad,D0508,Windows 10_Brave_b9c932f6,Biometric,8,10,71,0,"Email,HR Portal,Jira"
U0019,user,Finance,Mumbai,D0628,Windows 10_Edge_193613d7,MFA,8,10,70,0,"Confluence,Internal Server"
U0020,user,Engineering,Chennai,D0500,Ubuntu 22.04_Edge_f68e1aab,Password,10,12,172,0,"Database,GitHub,HR Portal,VPN"
U0021,user,Sales,Bangalore,D0361,Ubuntu 22.04_Brave_cc8e71b6,MFA,10,12,150,0,"Email,Finance DB,CRM"
U0022,user,Sales,Bangalore,D0339,Windows 10_Edge_b4820f8d,Biometric,10,12,156,1,"Database,Internal Server,VPN,Email"
U0023,user,Marketing,Mumbai,D0558,Windows 11_Edge_4b5c3101,MFA,9,11,160,0,"Email,GitHub,VPN"
U0024,user,Support,Pune,D0291,Windows 11_Firefox_10a2ee67,Biometric,10,12,122,0,"CRM,Internal Server,Email"
U0025,service_account,Support,Mumbai,D0285,Ubuntu 22.04_Firefox_1cbe7bd2,Password,9,11,104,0,"GitHub,Jira,Confluence"
U0026,user,Engineering,Hyderabad,D0332,Windows 11_Chrome_cf090dd1,Password,8,10,90,0,"Finance DB,Confluence"
U0027,user,Support,Chennai,D0479,Ubuntu 22.04_Brave_3d170f55,MFA,9,11,91,0,"VPN,CRM,Confluence"
U0028,user,HR,Bangalore,D0055,Windows 11_Firefox_28ec05d3,Biometric,10,12,109,1,"Finance DB,GitHub"
U0029,user,HR,Pune,D0249,macOS Sonoma_Firefox_154eb276,Biometric,9,11,147,0,"GitHub,Confluence,Database,CRM"
U0030,user,Finance,Chennai,D0224,macOS Sonoma_Edge_ca169982,Biometric,8,10,90,0,"CRM,Finance DB,VPN,Email"
U0031,user,Support,Mumbai,D0134,macOS Sonoma_Chrome_c82644fa,Password,10,12,89,1,"Finance DB,HR Portal,Internal Server"
U0032,user,Engineering,Chennai,D0534,Ubuntu 22.04_Edge_26376c36,MFA,8,10,78,0,"Database,Confluence,VPN"
U0033,user,Engineering,Mumbai,D0137,Ubuntu 22.04_Edge_e4e990f7,MFA,9,11,72,0,"Email,VPN,Jira,Internal Server"
U0034,user,Sales,Bangalore,D0110,Ubuntu 22.04_Chrome_716d26d0,Password,10,12,137,1,"Database,VPN,HR Portal"
U0035,user,Marketing,Mumbai,D0182,Windows 10_Brave_e2a10258,MFA,8,10,170,0,"Internal Server,VPN,GitHub"
U0036,user,Engineering,Hyderabad,D0433,Windows 11_Firefox_4936a7a0,Biometric,8,10,66,0,"Jira,Internal Server"
U0037,user,Support,Pune,D0560,Windows 10_Brave_4a01f9f8,Password,8,10,73,0,"GitHub,Internal Server,Confluence"
U0038,user,IT,Pune,D0484,macOS Sonoma_Chrome_fc859756,Biometric,10,12,116,1,"Confluence,Database"
U0039,user,Finance,Mumbai,D0518,Windows 10_Brave_4c6e88d4,MFA,8,10,80,0,"GitHub,Jira,Database,Finance DB"
U0040,user,Finance,Hyderabad,D0133,Windows 10_Brave_da04f48e,Biometric,8,10,130,1,"GitHub,CRM,HR Portal,Confluence"
U0041,user,HR,Bangalore,D0177,Windows 11_Firefox_8f0069c1,Password,10,12,108,0,"Database,Email"
U0042,user,IT,Hyderabad,D0073,Windows 10_Firefox_e34f311c,Biometric,9,11,62,0,"Confluence,Finance DB,HR Portal,Email"
U0043,user,Finance,Mumbai,D0255,Windows 10_Firefox_65e4a231,MFA,9,11,89,1,"Jira,Database,Confluence"
U0044,user,Engineering,Chennai,D0579,macOS Sonoma_Brave_2d6ae228,Password,9,11,122,1,"CRM,Confluence,GitHub,HR Portal"
U0045,user,Support,Mumbai,D0651,macOS Sonoma_Firefox_38fe8a85,MFA,9,11,149,0,"GitHub,Email"
U0046,user,Marketing,Chennai,D0597,Ubuntu 22.04_Brave_0d4a98aa,MFA,8,10,169,0,"HR Portal,Database"
U0047,user,Support,Hyderabad,D0668,Windows 10_Edge_07a71a2f,MFA,10,12,106,0,"Internal Server,VPN,Jira,Finance DB"
U0048,service_account,HR,Chennai,D0353,macOS Sonoma_Chrome_3513ebf4,MFA,10,12,103,0,"GitHub,Email,Finance DB,CRM"
U0049,user,Marketing,Mumbai,D0077,macOS Sonoma_Brave_908ee50b,Biometric,10,12,99,1,"GitHub,Database"
U0050,user,Engineering,Chennai,D0149,Windows 11_Brave_e34b1a05,Password,10,12,87,0,"Email,HR Portal,Internal Server,Database"
U0051,user,IT,Chennai,D0347,Ubuntu 22.04_Brave_7ced9a4f,MFA,8,10,155,1,"Finance DB,HR Portal,Email"
U0052,user,Support,Hyderabad,D0091,Windows 11_Firefox_105ff0da,MFA,9,11,70,0,"Finance DB,VPN,CRM,GitHub"
U0053,user,IT,Pune,D0542,macOS Sonoma_Chrome_886c5333,MFA,8,10,78,0,"Internal Server,Email,HR Portal"
U0054,user,HR,Chennai,D0011,Ubuntu 22.04_Brave_a61b8ab8,Biometric,8,10,176,0,"Confluence,Email"
U0055,user,Engineering,Pune,D0064,Ubuntu 22.04_Firefox_ab2d58dd,Password,9,11,175,0,"HR Portal,CRM"
U0056,user,IT,Mumbai,D0637,Windows 10_Brave_6fa19a1a,Password,9,11,98,0,"Jira,GitHub,Email"
U0057,user,Marketing,Bangalore,D0526,Ubuntu 22.04_Chrome_db1460a7,Biometric,8,10,128,0,"Email,Internal Server,Database"
U0058,user,Engineering,Pune,D0175,Windows 10_Edge_34d09663,Biometric,9,11,85,0,"CRM,Confluence"
U0059,user,HR,Chennai,D0257,Windows 10_Firefox_7b0f1c86,MFA,10,12,80,0,"Email,HR Portal,Finance DB,Jira"
U0060,user,Sales,Mumbai,D0669,macOS Sonoma_Chrome_8c374411,MFA,10,12,119,0,"Database,HR Portal"
U0061,user,IT,Pune,D0032,Ubuntu 22.04_Brave_89b37d6c,MFA,10,12,157,0,"Finance DB,Jira,Database,Internal Server"
U0062,user,Marketing,Pune,D0370,Windows 11_Chrome_d7a9a2a4,Biometric,10,12,67,0,"Jira,Finance DB,Internal Server,Email"
U0063,user,Engineering,Bangalore,D0486,macOS Sonoma_Edge_7f4d9115,Biometric,9,11,114,0,"CRM,HR Portal"
U0064,user,Engineering,Bangalore,D0078,Windows 11_Brave_ec427c5e,Password,10,12,108,0,"Confluence,HR Portal,Email,Jira"
U0065,user,Marketing,Chennai,D0667,Windows 10_Firefox_37cb6d15,Password,8,10,164,0,"Internal Server,Database,Confluence"
U0066,user,Marketing,Chennai,D0550,Ubuntu 22.04_Chrome_1213e4f8,Password,8,10,80,0,"Email,Finance DB,Jira,Internal Server"
U0067,user,Marketing,Bangalore,D0212,Ubuntu 22.04_Chrome_4e960e20,MFA,10,12,130,0,"Finance DB,Jira"
U0068,user,Sales,Bangalore,D0056,Ubuntu 22.04_Firefox_be1c6e29,Password,8,10,153,0,"Finance DB,Confluence,Internal Server"
U0069,user,IT,Chennai,D0136,Windows 10_Brave_307b99e9,Biometric,8,10,178,0,"Internal Server,HR Portal,Finance DB,GitHub"
U0070,user,Finance,Chennai,D0673,Windows 10_Firefox_cdf87578,Biometric,10,12,116,1,"Finance DB,Email,GitHub"
U0071,user,Marketing,Mumbai,D0341,Ubuntu 22.04_Brave_a08dc844,Password,10,12,139,0,"Confluence,VPN,Internal Server,Finance DB"
U0072,user,Marketing,Pune,D0003,macOS Sonoma_Chrome_96d19a34,Password,9,11,133,0,"Email,Finance DB,GitHub"
U0073,service_account,Finance,Hyderabad,D0228,Windows 11_Brave_b9808bc8,Password,10,12,124,0,"Finance DB,VPN,GitHub"
U0074,user,HR,Bangalore,D0082,Windows 11_Firefox_ffaf1458,Biometric,10,12,69,0,"Email,HR Portal,CRM,GitHub"
U0075,user,Support,Chennai,D0474,Windows 10_Brave_63e00f39,Biometric,8,10,175,0,"Email,HR Portal"
U0076,user,IT,Bangalore,D0696,Windows 10_Chrome_2d5abb59,Password,10,12,170,0,"Jira,Email,GitHub"
U0077,user,HR,Bangalore,D0512,Windows 11_Edge_2a686687,Password,8,10,154,0,"HR Portal,Finance DB"
U0078,user,Marketing,Hyderabad,D0606,Windows 10_Edge_705c462b,Biometric,9,11,92,0,"VPN,HR Portal,Internal Server"
U0079,service_account,Marketing,Hyderabad,D0121,Windows 11_Firefox_38649186,Password,8,10,103,1,"Confluence,GitHub,CRM"
U0080,user,Marketing,Hyderabad,D0312,macOS Sonoma_Brave_fb68e6b5,MFA,10,12,167,0,"HR Portal,Confluence,CRM"
U0081,user,HR,Pune,D0205,Windows 11_Brave_09500725,Password,9,11,139,0,"Finance DB,Confluence,Jira,Email"
U0082,user,Finance,Mumbai,D0245,Windows 11_Firefox_fe1f395c,Biometric,8,10,133,0,"GitHub,Finance DB,VPN,HR Portal"
U0083,user,Support,Hyderabad,D0688,Windows 10_Firefox_6a506260,MFA,8,10,123,1,"GitHub,Email"
U0084,user,HR,Mumbai,D0272,Ubuntu 22.04_Edge_52da60a5,Biometric,10,12,127,0,"HR Portal,Database,GitHub,Email"
U0085,edge_device,Support,Chennai,D0132,Windows 10_Brave_714974bd,Password,8,10,153,0,"HR Portal,Email"
U0086,user,Marketing,Chennai,D0682,Windows 10_Edge_ddd49b69,MFA,10,12,170,0,"Jira,Internal Server,GitHub,VPN"
U0087,user,HR,Mumbai,D0061,Windows 11_Brave_7272f031,Biometric,10,12,93,1,"VPN,Internal Server"
U0088,user,Support,Pune,D0311,Windows 10_Edge_506795d7,Biometric,10,12,145,0,"CRM,Jira,Database"
U0089,user,IT,Chennai,D0031,Windows 11_Firefox_6ac9f9a9,Biometric,8,10,131,0,"Finance DB,CRM,Confluence"
U0090,service_account,HR,Mumbai,D0070,Windows 11_Firefox_8f203b09,MFA,8,10,84,1,"Database,Internal Server,GitHub"
U0091,user,Support,Hyderabad,D0602,Windows 10_Chrome_cb5bcf90,MFA,10,12,118,0,"Confluence,GitHub,VPN,Email"
U0092,user,Sales,Bangalore,D0391,macOS Sonoma_Firefox_e72f8f74,Password,9,11,122,0,"Finance DB,HR Portal,Email,VPN"
U0093,user,Engineering,Bangalore,D0045,Windows 10_Edge_da444f0f,Biometric,9,11,95,0,"GitHub,CRM"
U0094,user,Marketing,Pune,D0627,Windows 11_Chrome_270c4ce2,Password,10,12,71,0,"GitHub,Email"
U0095,user,Engineering,Bangalore,D0071,Windows 11_Edge_7dafeeed,Password,9,11,164,0,"Finance DB,HR Portal,CRM,Internal Server"
U0096,user,Finance,Bangalore,D0517,macOS Sonoma_Chrome_9b4ebe4c,Biometric,10,12,113,0,"Database,GitHub"
U0097,user,Finance,Hyderabad,D0656,Ubuntu 22.04_Edge_b5ce7d7e,Biometric,9,11,65,0,"Database,Internal Server"
U0098,user,Engineering,Chennai,D0250,Windows 11_Firefox_ca6e62e3,Biometric,8,10,116,0,"HR Portal,VPN,Jira"
U0099,user,Sales,Chennai,D0210,Windows 11_Edge_8a62dfbe,Password,8,10,143,0,"GitHub,Email"
U0100,user,HR,Pune,D0166,Windows 11_Chrome_7affab0e,Password,8,10,122,0,"VPN,Jira"
U0101,service_account,Engineering,Chennai,D0471,Ubuntu 22.04_Brave_ff4a496f,Biometric,8,10,109,0,"VPN,Email,Confluence,Database"
U0102,user,Finance,Chennai,D0165,Ubuntu 22.04_Brave_83549b11,Password,8,10,174,1,"Confluence,GitHub"
U0103,user,Support,Hyderabad,D0642,macOS Sonoma_Edge_48e2dc07,Password,8,10,61,0,"Jira,Confluence,VPN"
U0104,user,Sales,Hyderabad,D0324,Ubuntu 22.04_Chrome_a5f755ae,MFA,8,10,138,1,"Finance DB,Email,HR Portal"
U0105,user,Support,Mumbai,D0066,Windows 11_Firefox_81fe3e40,MFA,9,11,143,1,"VPN,Email"
U0106,user,Sales,Bangalore,D0410,macOS Sonoma_Edge_de10f94e,MFA,9,11,103,0,"Internal Server,Jira"
U0107,user,Marketing,Hyderabad,D0050,macOS Sonoma_Firefox_c4b8f0fc,Password,8,10,93,0,"Confluence,Database"
U0108,user,IT,Pune,D0119,Windows 10_Brave_41a44b57,Password,8,10,148,0,"Confluence,GitHub,HR Portal"
U0109,edge_device,Finance,Mumbai,D0193,Windows 11_Edge_803f4fc4,Password,10,12,103,1,"Finance DB,Confluence"
U0110,user,Marketing,Pune,D0040,Ubuntu 22.04_Firefox_de08bd87,MFA,9,11,66,1,"Finance DB,Internal Server"
U0111,user,Engineering,Bangalore,D0260,macOS Sonoma_Firefox_a5b6ec98,Password,10,12,106,1,"GitHub,HR Portal"
U0112,user,Finance,Hyderabad,D0423,Windows 10_Brave_6e07df25,MFA,9,11,112,1,"Jira,Database"
U0113,user,Finance,Mumbai,D0007,Windows 11_Chrome_acdf0c76,Biometric,9,11,149,0,"Database,HR Portal,CRM,Jira"
U0114,user,IT,Pune,D0102,Windows 11_Brave_7c7a1135,Password,8,10,176,0,"Database,Jira,GitHub,Email"
U0115,user,Finance,Chennai,D0544,Windows 11_Brave_a3a25485,MFA,8,10,106,0,"CRM,Database"
U0116,user,Marketing,Hyderabad,D0300,Windows 11_Brave_6bd4940f,Biometric,10,12,96,0,"Jira,Internal Server,CRM,Database"
U0117,user,Finance,Pune,D0396,macOS Sonoma_Edge_f908437f,MFA,10,12,146,0,"VPN,Email,Finance DB"
U0118,user,IT,Mumbai,D0583,Windows 10_Chrome_4dea6eb6,Password,8,10,80,0,"GitHub,VPN"
U0119,user,Support,Hyderabad,D0319,Windows 10_Chrome_552f993b,Password,8,10,69,0,"Finance DB,Confluence"
U0120,user,Sales,Hyderabad,D0146,macOS Sonoma_Chrome_025fa01d,MFA,9,11,156,0,"VPN,Confluence,Jira,GitHub"
U0121,user,IT,Bangalore,D0488,Windows 11_Firefox_229b1569,MFA,8,10,133,1,"CRM,GitHub,Database"
U0122,user,HR,Chennai,D0354,Windows 10_Edge_d3f54a93,MFA,8,10,163,0,"VPN,HR Portal,Database"
U0123,user,Sales,Mumbai,D0209,Windows 10_Chrome_bff32f37,Biometric,8,10,144,0,"Internal Server,HR Portal"
U0124,service_account,Engineering,Bangalore,D0697,Ubuntu 22.04_Firefox_75895ddf,Password,10,12,142,0,"Confluence,VPN"
U0125,user,Marketing,Mumbai,D0362,Ubuntu 22.04_Brave_c83e2c3e,Biometric,8,10,76,1,"Internal Server,Confluence,HR Portal,Database"
U0126,user,Support,Bangalore,D0087,macOS Sonoma_Firefox_d7575609,Biometric,8,10,93,0,"Internal Server,Jira"
U0127,user,Engineering,Hyderabad,D0632,Windows 10_Firefox_32f5fc8c,Password,9,11,128,0,"Internal Server,CRM,Finance DB,Confluence"
U0128,user,Finance,Chennai,D0483,macOS Sonoma_Brave_2a2b4170,Password,10,12,97,0,"Jira,GitHub"
U0129,user,Marketing,Mumbai,D0635,Windows 10_Firefox_3f4ad3d2,Password,8,10,102,0,"VPN,Jira,Finance DB"
U0130,user,Support,Bangalore,D0042,Ubuntu 22.04_Edge_56523394,Biometric,9,11,158,0,"GitHub,HR Portal,CRM,Internal Server"
U0131,user,Finance,Mumbai,D0109,Windows 10_Firefox_908df3f9,Password,9,11,173,0,"CRM,HR Portal,Internal Server,Confluence"
U0132,user,Support,Bangalore,D0692,Windows 10_Firefox_7d634d54,Password,10,12,103,1,"Database,HR Portal"
U0133,user,Sales,Chennai,D0057,Ubuntu 22.04_Edge_46364ed7,MFA,10,12,177,0,"Database,Confluence"
U0134,user,Engineering,Mumbai,D0425,Windows 11_Brave_f824d362,Biometric,10,12,150,0,"GitHub,Confluence"
U0135,user,HR,Hyderabad,D0516,macOS Sonoma_Brave_0e83687a,MFA,10,12,109,0,"Jira,GitHub,CRM"
U0136,user,Support,Chennai,D0025,macOS Sonoma_Edge_388d140c,Password,10,12,147,1,"Database,VPN,Finance DB,Jira"
U0137,user,HR,Hyderabad,D0219,macOS Sonoma_Chrome_b8bb45d9,Biometric,10,12,126,0,"VPN,Email,Finance DB,Confluence"
U0138,user,Finance,Bangalore,D0432,Windows 11_Chrome_dcc29d62,Password,8,10,101,0,"Email,HR Portal"
U0139,user,Engineering,Hyderabad,D0282,Ubuntu 22.04_Brave_345b097e,MFA,8,10,85,1,"GitHub,VPN,Jira,Finance DB"
U0140,user,Sales,Chennai,D0111,Windows 10_Firefox_69ff3c07,MFA,9,11,129,0,"CRM,GitHub"
U0141,user,HR,Bangalore,D0083,Windows 10_Firefox_03bec472,Password,8,10,61,1,"HR Portal,Finance DB,Internal Server"
U0142,user,Engineering,Chennai,D0052,Windows 10_Brave_cb641bc6,MFA,8,10,93,0,"VPN,Confluence,Email"
U0143,user,Finance,Chennai,D0221,macOS Sonoma_Edge_a3a5ad76,MFA,8,10,78,0,"Internal Server,CRM,Jira"
U0144,user,Marketing,Mumbai,D0670,macOS Sonoma_Brave_9f584978,Password,9,11,114,0,"Finance DB,Internal Server"
U0145,user,Support,Hyderabad,D0546,Windows 11_Firefox_362d8e0e,Password,10,12,178,0,"CRM,Confluence"
U0146,user,Finance,Mumbai,D0303,Ubuntu 22.04_Chrome_11e7f39e,Password,9,11,92,0,"VPN,CRM"
U0147,user,Marketing,Hyderabad,D0578,Ubuntu 22.04_Brave_431c2bb0,Biometric,9,11,60,1,"Internal Server,Finance DB,VPN,GitHub"
U0148,user,Engineering,Mumbai,D0216,macOS Sonoma_Brave_d3b7042b,Biometric,9,11,151,0,"Jira,Email"
U0149,user,HR,Mumbai,D0236,macOS Sonoma_Chrome_57905d4d,Biometric,8,10,179,0,"HR Portal,Internal Server,VPN"
U0150,user,IT,Pune,D0019,Windows 11_Edge_b56a2c2a,Password,10,12,111,1,"Email,VPN,HR Portal"
U0151,user,IT,Pune,D0251,Windows 10_Chrome_2d2535e8,Password,8,10,169,0,"Confluence,Jira,Internal Server,GitHub"
U0152,user,Engineering,Chennai,D0261,Windows 11_Brave_9bfc6534,MFA,9,11,125,0,"GitHub,Confluence"
U0153,user,Engineering,Pune,D0431,macOS Sonoma_Chrome_04f057cb,Password,9,11,94,0,"Internal Server,Database,Email,CRM"
U0154,user,Engineering,Chennai,D0265,Ubuntu 22.04_Edge_9526a654,Biometric,9,11,163,1,"Internal Server,Finance DB,Database"
U0155,user,Engineering,Mumbai,D0062,Windows 11_Brave_23b10161,Password,9,11,73,1,"HR Portal,Confluence,Email,Internal Server"
U0156,user,Finance,Hyderabad,D0214,Ubuntu 22.04_Firefox_e9c984c2,MFA,9,11,61,0,"GitHub,Jira,Database"
U0157,user,IT,Hyderabad,D0378,Windows 10_Firefox_a5b1874a,Biometric,9,11,142,0,"Email,Jira,GitHub"
U0158,user,IT,Mumbai,D0030,Ubuntu 22.04_Chrome_be4f980a,Biometric,9,11,162,0,"Database,Email"
U0159,user,Support,Bangalore,D0183,Windows 11_Brave_737b7d30,Biometric,9,11,60,0,"VPN,CRM,Confluence"
U0160,user,Marketing,Chennai,D0307,Windows 11_Firefox_3b20d643,Password,9,11,64,0,"Finance DB,Internal Server,VPN"
U0161,edge_device,Engineering,Hyderabad,D0389,Windows 10_Firefox_ab47b452,Password,9,11,66,0,"Finance DB,VPN,Jira"
U0162,service_account,IT,Chennai,D0330,Windows 11_Chrome_2e910e9e,MFA,8,10,81,1,"GitHub,VPN,HR Portal,Database"
U0163,user,Marketing,Pune,D0438,macOS Sonoma_Brave_b47a213d,Biometric,10,12,61,0,"Internal Server,Jira,Email,VPN"
U0164,user,Finance,Pune,D0297,Ubuntu 22.04_Brave_5b36ab3b,Biometric,9,11,98,0,"GitHub,CRM,Database"
U0165,user,Sales,Chennai,D0586,Windows 10_Brave_ffa81066,Biometric,8,10,146,1,"GitHub,Confluence,CRM,Internal Server"
U0166,user,Engineering,Mumbai,D0343,macOS Sonoma_Chrome_0ed66cfc,Biometric,10,12,111,0,"Finance DB,HR Portal"
U0167,user,Engineering,Chennai,D0437,Windows 11_Brave_4d9eae2e,MFA,9,11,137,0,"Confluence,Jira,VPN,Email"
U0168,user,Support,Hyderabad,D0581,Windows 11_Brave_f60b3938,Password,10,12,119,0,"Finance DB,Database,Internal Server"
U0169,user,Sales,Pune,D0327,Ubuntu 22.04_Chrome_2b746f54,Password,9,11,73,1,"Internal Server,Finance DB,Jira,VPN"
U0170,edge_device,IT,Hyderabad,D0363,macOS Sonoma_Chrome_5566b53a,Biometric,10,12,175,0,"GitHub,Finance DB,CRM,Database"
U0171,user,Engineering,Pune,D0619,macOS Sonoma_Chrome_00ea175e,Password,8,10,120,0,"CRM,Internal Server,HR Portal"
U0172,user,Support,Chennai,D0580,Ubuntu 22.04_Edge_3a1f364f,Password,8,10,169,0,"Jira,CRM,HR Portal,Email"
U0173,user,Marketing,Hyderabad,D0232,Ubuntu 22.04_Brave_ccd8b460,Password,9,11,131,0,"HR Portal,Email"
U0174,user,Finance,Hyderabad,D0337,Ubuntu 22.04_Chrome_e21347b8,Password,8,10,79,1,"Jira,HR Portal"
U0175,user,Support,Hyderabad,D0657,Ubuntu 22.04_Brave_f20f45f8,MFA,10,12,71,0,"Email,VPN,Confluence"
U0176,user,Support,Hyderabad,D0164,Windows 11_Chrome_2489522b,MFA,10,12,163,0,"Finance DB,GitHub"
U0177,user,IT,Chennai,D0287,Windows 11_Edge_029dc01b,Password,9,11,97,0,"Database,HR Portal,VPN,Jira"
U0178,user,HR,Bangalore,D0614,Windows 11_Firefox_fc10ac41,MFA,9,11,81,0,"CRM,HR Portal,Finance DB"
U0179,user,HR,Chennai,D0519,Windows 11_Firefox_ebf22750,MFA,9,11,90,0,"Finance DB,Jira,HR Portal,Database"
U0180,edge_device,IT,Bangalore,D0465,Windows 11_Edge_861eaddf,MFA,9,11,61,1,"GitHub,Jira"
U0181,user,Support,Hyderabad,D0278,Windows 10_Firefox_e027fe0e,Password,8,10,87,1,"Confluence,CRM,Email"
U0182,user,Support,Hyderabad,D0409,Ubuntu 22.04_Firefox_6654fb1e,Password,9,11,133,1,"GitHub,Confluence,Jira"
U0183,user,Sales,Mumbai,D0105,Ubuntu 22.04_Firefox_ceae045c,Biometric,9,11,112,0,"Internal Server,Database,GitHub,VPN"
U0184,user,HR,Bangalore,D0115,Windows 10_Edge_92136df4,MFA,8,10,177,0,"Jira,GitHub"
U0185,user,Finance,Chennai,D0629,Windows 10_Chrome_35d44e08,Biometric,8,10,66,0,"Finance DB,Email"
U0186,user,Engineering,Pune,D0587,Ubuntu 22.04_Firefox_8b40aa3e,Password,9,11,142,0,"Jira,CRM,Internal Server"
U0187,user,HR,Hyderabad,D0468,Ubuntu 22.04_Brave_9d2bc2b1,Password,10,12,139,1,"VPN,Database"
U0188,edge_device,Engineering,Bangalore,D0093,Ubuntu 22.04_Chrome_07329aa4,Biometric,10,12,143,0,"GitHub,Confluence,HR Portal"
U0189,user,Marketing,Pune,D0008,Windows 11_Edge_356b023f,MFA,10,12,112,0,"VPN,Internal Server"
U0190,user,Support,Pune,D0090,Windows 10_Brave_55ef007c,MFA,9,11,65,0,"GitHub,Internal Server,Confluence,CRM"
U0191,user,IT,Hyderabad,D0530,Windows 10_Firefox_80ed7d68,MFA,9,11,86,0,"HR Portal,GitHub,Database,VPN"
U0192,user,Sales,Mumbai,D0381,Windows 11_Chrome_b4239871,Password,9,11,155,0,"VPN,Finance DB,Database,CRM"
U0193,user,Sales,Mumbai,D0523,Windows 10_Edge_1bc0670a,Password,10,12,83,1,"GitHub,Confluence,Internal Server"
U0194,user,Support,Mumbai,D0568,macOS Sonoma_Brave_4c51e1c5,Password,8,10,122,1,"Internal Server,Jira,Confluence"
U0195,user,Marketing,Mumbai,D0364,Windows 10_Chrome_6cb3c5bb,MFA,9,11,133,0,"CRM,Confluence"
U0196,user,Marketing,Bangalore,D0640,Ubuntu 22.04_Chrome_51918fac,Biometric,10,12,157,0,"Finance DB,Email"
U0197,edge_device,Support,Hyderabad,D0141,macOS Sonoma_Firefox_420229b3,MFA,8,10,129,1,"Email,Finance DB,Internal Server,Database"
U0198,user,Marketing,Bangalore,D0029,Windows 10_Brave_e4bfaef2,Biometric,9,11,60,0,"HR Portal,Jira,VPN"
U0199,user,IT,Bangalore,D0044,Ubuntu 22.04_Edge_e6c65332,MFA,9,11,146,0,"HR Portal,Confluence,Jira"
U0200,user,Sales,Bangalore,D0043,Ubuntu 22.04_Brave_8caf7374,Biometric,10,12,120,0,"Confluence,GitHub,HR Portal,Email"
U0201,user,Sales,Bangalore,D0074,Ubuntu 22.04_Edge_7b10956b,MFA,9,11,137,1,"CRM,HR Portal,Database,Jira"
U0202,user,Sales,Bangalore,D0168,Windows 11_Brave_7792e5ec,Password,10,12,72,0,"HR Portal,Internal Server,Confluence,Jira"
U0203,edge_device,Marketing,Mumbai,D0211,Windows 11_Brave_1cf41012,MFA,10,12,144,1,"Jira,Database,VPN"
U0204,user,Engineering,Mumbai,D0612,Ubuntu 22.04_Chrome_a70ca3a3,MFA,10,12,71,0,"HR Portal,Email,Internal Server"
U0205,user,HR,Bangalore,D0067,Ubuntu 22.04_Edge_4b57afee,Biometric,9,11,79,1,"VPN,CRM,Jira,GitHub"
U0206,user,Sales,Mumbai,D0012,Ubuntu 22.04_Edge_d7d70331,MFA,9,11,172,0,"Confluence,Finance DB"
U0207,user,Sales,Mumbai,D0638,Ubuntu 22.04_Brave_ffde6913,Biometric,9,11,126,1,"Jira,Confluence"
U0208,user,Engineering,Chennai,D0569,Windows 11_Brave_9c4fc1e5,Biometric,10,12,87,0,"HR Portal,Internal Server,Email"
U0209,user,Marketing,Bangalore,D0179,macOS Sonoma_Edge_6af31cb5,Password,9,11,66,0,"VPN,GitHub"
U0210,user,IT,Mumbai,D0535,Windows 11_Firefox_9c7661cd,Password,8,10,164,0,"VPN,Internal Server,Database,GitHub"
U0211,user,Finance,Chennai,D0358,Windows 10_Brave_2959471b,Password,8,10,144,0,"Confluence,Database,Email"
U0212,user,Finance,Bangalore,D0650,Ubuntu 22.04_Chrome_816ee6aa,MFA,9,11,136,0,"Database,CRM"
U0213,user,IT,Hyderabad,D0292,Windows 11_Firefox_50950e4d,Biometric,10,12,149,0,"HR Portal,Email,VPN,Internal Server"
U0214,user,HR,Hyderabad,D0421,Windows 11_Edge_48089f1e,Biometric,10,12,117,0,"GitHub,Internal Server"
U0215,user,IT,Pune,D0178,Windows 11_Brave_fae8acd6,MFA,8,10,142,0,"Internal Server,CRM"
U0216,user,Sales,Pune,D0457,Windows 10_Firefox_fa9f5256,Password,9,11,94,0,"Email,Jira,Database,Internal Server"
U0217,edge_device,HR,Bangalore,D0445,Windows 11_Edge_0ff7f165,Biometric,9,11,179,0,"Finance DB,CRM"
U0218,user,Engineering,Mumbai,D0084,Windows 11_Chrome_64b7c647,Biometric,9,11,86,1,"HR Portal,Jira"
U0219,user,IT,Hyderabad,D0454,macOS Sonoma_Brave_acaccc0f,MFA,9,11,138,1,"Confluence,Finance DB"
U0220,user,Finance,Hyderabad,D0355,Windows 11_Chrome_9d185e91,MFA,8,10,131,1,"VPN,Internal Server"
U0221,edge_device,Engineering,Hyderabad,D0537,macOS Sonoma_Chrome_596c0f29,MFA,10,12,105,0,"Confluence,GitHub,HR Portal"
U0222,user,Sales,Pune,D0577,Windows 11_Edge_0b780986,Biometric,9,11,148,0,"Finance DB,Email,VPN"
U0223,user,Sales,Mumbai,D0080,Windows 11_Chrome_bdfd6f6b,Biometric,10,12,76,0,"GitHub,Finance DB,Confluence,Internal Server"
U0224,user,Finance,Pune,D0024,Windows 11_Edge_9281e31a,Biometric,9,11,179,1,"Jira,CRM"
U0225,user,Sales,Pune,D0016,macOS Sonoma_Firefox_140cbc41,Biometric,9,11,134,1,"Email,Jira,CRM"
U0226,user,HR,Bangalore,D0382,macOS Sonoma_Edge_b3717095,Biometric,10,12,105,0,"Email,CRM,Database,VPN"
U0227,user,Sales,Chennai,D0293,Windows 10_Firefox_e4b2c1f1,MFA,9,11,65,0,"Confluence,CRM,Email,Database"
U0228,user,Support,Chennai,D0276,Ubuntu 22.04_Firefox_695f8e6a,Password,8,10,65,1,"Finance DB,Email,Internal Server"
U0229,user,Finance,Hyderabad,D0655,macOS Sonoma_Chrome_7a580123,Biometric,10,12,92,0,"CRM,HR Portal,Internal Server"
U0230,user,HR,Chennai,D0315,macOS Sonoma_Firefox_e8dfd950,Password,8,10,65,0,"HR Portal,Database"
U0231,user,Engineering,Hyderabad,D0611,Ubuntu 22.04_Brave_c7556352,MFA,10,12,138,0,"Confluence,Jira,Email"
U0232,user,Sales,Pune,D0138,macOS Sonoma_Brave_4b25cea9,MFA,8,10,109,0,"CRM,Confluence,HR Portal,Email"
U0233,user,Engineering,Pune,D0487,Ubuntu 22.04_Brave_48da583d,MFA,10,12,97,0,"Internal Server,VPN"
U0234,user,HR,Pune,D0572,Ubuntu 22.04_Chrome_3af9b005,Biometric,9,11,132,1,"Email,GitHub,CRM"
U0235,user,Sales,Bangalore,D0034,Ubuntu 22.04_Brave_3b4df75a,Password,8,10,166,0,"Database,GitHub"
U0236,user,Support,Pune,D0589,Ubuntu 22.04_Chrome_dbc92b2d,Biometric,9,11,149,0,"Database,VPN,GitHub,Confluence"
U0237,user,Engineering,Bangalore,D0258,Windows 10_Brave_dcf22c96,MFA,9,11,126,0,"Email,GitHub,Internal Server"
U0238,user,Marketing,Mumbai,D0010,Windows 11_Brave_f6ff37ca,MFA,10,12,118,0,"Confluence,VPN,Database"
U0239,user,IT,Hyderabad,D0023,Windows 10_Brave_89715568,Password,10,12,85,0,"Finance DB,VPN"
U0240,user,Support,Hyderabad,D0545,macOS Sonoma_Brave_556a5a7c,MFA,10,12,149,0,"Database,Confluence"
U0241,user,Finance,Hyderabad,D0222,Windows 10_Edge_87e4899e,Biometric,8,10,77,0,"Email,Jira,VPN"
U0242,user,HR,Hyderabad,D0405,Ubuntu 22.04_Firefox_2ad26d90,MFA,8,10,87,0,"CRM,Email,Confluence,Jira"
U0243,user,HR,Mumbai,D0686,Ubuntu 22.04_Firefox_af7199b9,Biometric,8,10,112,0,"CRM,Database,VPN"
U0244,user,IT,Hyderabad,D0335,Windows 11_Edge_d042a509,MFA,9,11,169,1,"Email,CRM"
U0245,user,Engineering,Bangalore,D0085,macOS Sonoma_Brave_69c5a8b7,Biometric,8,10,116,0,"Finance DB,CRM"
U0246,user,Finance,Chennai,D0336,Windows 11_Chrome_830c73e3,MFA,9,11,97,0,"HR Portal,CRM,GitHub"
U0247,user,Engineering,Pune,D0248,Ubuntu 22.04_Chrome_4476e215,Password,10,12,147,0,"Finance DB,Database,GitHub,HR Portal"
U0248,user,IT,Bangalore,D0584,Ubuntu 22.04_Chrome_8e471c42,Biometric,10,12,125,0,"Finance DB,Email,HR Portal,Confluence"
U0249,user,IT,Mumbai,D0622,Windows 10_Edge_593ed261,Password,10,12,150,0,"Jira,Internal Server,CRM"
U0250,user,Engineering,Chennai,D0204,macOS Sonoma_Edge_3b2fa917,Password,8,10,100,0,"GitHub,Finance DB"
U0251,user,Sales,Chennai,D0197,macOS Sonoma_Firefox_85a90ab9,MFA,10,12,154,0,"GitHub,HR Portal"
U0252,user,Finance,Chennai,D0683,Windows 10_Brave_57b15049,Password,9,11,62,0,"HR Portal,Jira,Database,VPN"
U0253,user,Engineering,Pune,D0328,Windows 10_Brave_99c7e3ce,MFA,9,11,128,0,"GitHub,Database,Confluence"
U0254,user,Finance,Bangalore,D0400,macOS Sonoma_Chrome_5b2b675b,Biometric,8,10,128,0,"VPN,GitHub"
U0255,user,IT,Pune,D0094,Windows 11_Firefox_8028ac2d,MFA,8,10,132,0,"CRM,Internal Server,Confluence,VPN"
U0256,user,Engineering,Hyderabad,D0576,Windows 11_Edge_6efbe367,MFA,10,12,68,1,"Internal Server,Database,Confluence,VPN"
U0257,user,Engineering,Chennai,D0295,Windows 10_Brave_1658498a,MFA,8,10,87,0,"Jira,HR Portal"
U0258,service_account,Marketing,Mumbai,D0266,Windows 10_Chrome_52333eb3,MFA,9,11,116,0,"Internal Server,Confluence"
U0259,user,Marketing,Hyderabad,D0376,Windows 11_Firefox_dcfbc4d0,Password,8,10,86,1,"Internal Server,Database,Confluence,VPN"
U0260,user,Support,Pune,D0185,Windows 11_Chrome_40e567f7,Password,10,12,147,0,"Database,Internal Server,GitHub,Email"
U0261,user,Marketing,Hyderabad,D0685,macOS Sonoma_Edge_34e80465,Password,10,12,178,0,"Database,Confluence,Finance DB,HR Portal"
U0262,user,Sales,Mumbai,D0514,Windows 11_Brave_c77a2a4f,MFA,10,12,73,0,"CRM,Jira"
U0263,service_account,Sales,Hyderabad,D0154,Windows 11_Chrome_ccf6cf22,Biometric,9,11,156,0,"Confluence,Internal Server,VPN,Finance DB"
U0264,user,Support,Hyderabad,D0076,Windows 11_Chrome_20aec863,Password,8,10,137,0,"GitHub,HR Portal,CRM,Jira"
U0265,user,Sales,Bangalore,D0333,Ubuntu 22.04_Firefox_6f40e4ad,MFA,9,11,137,0,"HR Portal,GitHub,Jira,Confluence"
U0266,user,Finance,Hyderabad,D0069,Ubuntu 22.04_Edge_6acdf861,MFA,10,12,139,0,"GitHub,Database"
U0267,user,Support,Hyderabad,D0617,Windows 10_Edge_dbfe2ba6,Biometric,10,12,167,0,"GitHub,Confluence,Database"
U0268,user,HR,Chennai,D0189,macOS Sonoma_Edge_222bc466,Biometric,9,11,106,1,"Internal Server,Confluence,VPN"
U0269,user,IT,Hyderabad,D0237,macOS Sonoma_Edge_4e74f660,Biometric,9,11,65,1,"Database,Finance DB,Confluence,CRM"
U0270,user,Marketing,Pune,D0089,Windows 11_Chrome_3955650d,MFA,8,10,65,0,"Finance DB,Email,VPN,CRM"
U0271,user,Sales,Mumbai,D0592,Ubuntu 22.04_Firefox_d9758dfc,Biometric,9,11,73,0,"HR Portal,VPN,Email,Finance DB"
U0272,user,HR,Bangalore,D0118,Ubuntu 22.04_Firefox_5b73e3e5,Biometric,9,11,162,0,"Jira,Database"
U0273,user,Marketing,Chennai,D0126,macOS Sonoma_Chrome_d03e6fc5,Password,9,11,133,0,"Jira,HR Portal"
U0274,user,Engineering,Chennai,D0573,Windows 11_Chrome_c04dad89,Biometric,10,12,88,0,"Internal Server,Email"
U0275,user,Finance,Hyderabad,D0239,Ubuntu 22.04_Chrome_6701d428,MFA,8,10,165,0,"Email,Internal Server,CRM,Confluence"
U0276,user,HR,Pune,D0001,Windows 11_Firefox_39859724,Biometric,9,11,143,0,"Email,CRM,Confluence"
U0277,user,Engineering,Mumbai,D0693,Windows 11_Chrome_86cdff38,Password,10,12,64,0,"HR Portal,Jira,VPN"
U0278,user,IT,Pune,D0532,Ubuntu 22.04_Edge_4f5de6e9,MFA,9,11,61,0,"Confluence,CRM,Email"
U0279,user,IT,Chennai,D0478,Windows 11_Firefox_b76ccccb,MFA,8,10,177,0,"Email,CRM,Confluence,Internal Server"
U0280,user,Support,Pune,D0610,Windows 11_Chrome_499dcb87,Password,8,10,160,0,"Finance DB,Jira,Database"
U0281,user,Support,Chennai,D0279,Windows 10_Firefox_606398f4,Password,9,11,171,0,"Internal Server,Finance DB"
U0282,user,IT,Chennai,D0117,macOS Sonoma_Chrome_84339af5,MFA,8,10,69,0,"Internal Server,HR Portal,VPN,Database"
U0283,user,Marketing,Hyderabad,D0229,Windows 10_Brave_31ab8739,MFA,8,10,168,1,"Finance DB,HR Portal,GitHub,Database"
U0284,user,Engineering,Mumbai,D0699,macOS Sonoma_Edge_f28c23ca,Password,8,10,179,0,"Confluence,Finance DB"
U0285,user,Finance,Hyderabad,D0320,Ubuntu 22.04_Firefox_5cbe5d98,MFA,8,10,88,1,"VPN,GitHub,Internal Server,Confluence"
U0286,user,Marketing,Hyderabad,D0275,Ubuntu 22.04_Edge_665beabf,Password,9,11,151,1,"Database,CRM"
U0287,user,HR,Hyderabad,D0494,Ubuntu 22.04_Brave_0821c266,Password,9,11,136,0,"GitHub,HR Portal"
U0288,user,Sales,Chennai,D0145,macOS Sonoma_Brave_d5d445b4,Biometric,10,12,74,0,"Internal Server,VPN"
U0289,user,Sales,Pune,D0383,Windows 10_Chrome_a688a07b,MFA,9,11,153,0,"Jira,CRM,VPN"
U0290,user,Engineering,Hyderabad,D0427,macOS Sonoma_Firefox_e5e57b0a,MFA,10,12,87,0,"CRM,Internal Server"
U0291,user,Support,Chennai,D0633,macOS Sonoma_Chrome_ecb1b4f0,Biometric,10,12,150,0,"Jira,Finance DB,Email,CRM"
U0292,edge_device,Finance,Bangalore,D0502,Ubuntu 22.04_Edge_7d9e9600,Biometric,8,10,172,0,"Confluence,VPN,Jira"
U0293,user,Marketing,Mumbai,D0269,macOS Sonoma_Brave_d1432dae,MFA,8,10,62,0,"Email,VPN,HR Portal,GitHub"
U0294,user,Engineering,Mumbai,D0466,Ubuntu 22.04_Edge_8a4b0377,Biometric,9,11,136,1,"CRM,VPN,Email"
U0295,user,Finance,Bangalore,D0047,macOS Sonoma_Firefox_cdd0582f,Biometric,8,10,151,0,"Finance DB,CRM"
U0296,service_account,Support,Bangalore,D0262,Windows 10_Brave_5edb44b6,MFA,10,12,160,0,"CRM,Jira"
U0297,service_account,IT,Chennai,D0196,Ubuntu 22.04_Brave_b24039ce,Biometric,10,12,147,0,"CRM,Internal Server"
U0298,user,HR,Mumbai,D0700,Windows 11_Chrome_136a080f,MFA,8,10,144,0,"Internal Server,CRM,Finance DB"
U0299,user,Engineering,Hyderabad,D0585,macOS Sonoma_Edge_1704ef8b,MFA,8,10,68,0,"Finance DB,Jira"
U0300,user,Support,Bangalore,D0108,Windows 10_Firefox_7b05c790,Biometric,8,10,63,1,"HR Portal,CRM,Jira"
U0301,user,HR,Hyderabad,D0463,Windows 11_Brave_ce1c23a6,Biometric,8,10,136,1,"GitHub,Email"
U0302,user,Support,Bangalore,D0522,Windows 10_Brave_20c0c9a2,Password,10,12,130,0,"HR Portal,Finance DB"
U0303,user,Engineering,Chennai,D0533,Ubuntu 22.04_Chrome_ea06f0b7,MFA,9,11,170,0,"Jira,VPN,Internal Server,Confluence"
U0304,user,Support,Chennai,D0101,Ubuntu 22.04_Edge_3a46a17b,Password,9,11,76,0,"Database,Confluence"
U0305,user,IT,Pune,D0351,Windows 10_Chrome_9d98a838,Biometric,10,12,135,0,"GitHub,Confluence,Jira,Internal Server"
U0306,user,Finance,Mumbai,D0626,macOS Sonoma_Edge_f682110e,MFA,8,10,105,0,"Email,VPN,CRM"
U0307,user,Engineering,Hyderabad,D0334,Windows 11_Firefox_95635349,Biometric,9,11,147,0,"Jira,GitHub"
U0308,user,Finance,Hyderabad,D0180,Windows 11_Brave_8ab45a2c,MFA,8,10,123,0,"VPN,HR Portal,Database,Email"
U0309,user,Marketing,Chennai,D0305,macOS Sonoma_Firefox_7b5b5c3c,MFA,9,11,150,0,"Finance DB,CRM"
U0310,user,Finance,Pune,D0350,Windows 10_Chrome_e2cfa40c,Password,10,12,126,0,"GitHub,Internal Server,Email"
U0311,user,HR,Pune,D0150,Windows 10_Chrome_d1c79f3f,MFA,9,11,88,0,"Finance DB,Confluence,Jira"
U0312,user,Engineering,Bangalore,D0125,Ubuntu 22.04_Edge_f5c90067,Password,8,10,132,1,"Finance DB,Internal Server"
U0313,user,Marketing,Hyderabad,D0553,Windows 10_Firefox_c94dd321,Password,10,12,125,0,"Email,HR Portal,CRM,GitHub"
U0314,user,Support,Bangalore,D0607,macOS Sonoma_Chrome_276d5f3e,MFA,8,10,64,0,"Email,HR Portal,Confluence"
U0315,user,Engineering,Pune,D0186,macOS Sonoma_Firefox_4a4c3e7b,MFA,9,11,93,0,"GitHub,Finance DB,HR Portal"
U0316,user,Support,Mumbai,D0429,Windows 11_Brave_46739d68,MFA,8,10,171,1,"Internal Server,Confluence,HR Portal,Finance DB"
U0317,user,Marketing,Chennai,D0507,Windows 10_Edge_f67ebd43,MFA,10,12,169,0,"Finance DB,Internal Server"
U0318,user,Sales,Hyderabad,D0691,macOS Sonoma_Brave_f1ce225b,Biometric,8,10,144,0,"Finance DB,Email"
U0319,user,Marketing,Chennai,D0345,Ubuntu 22.04_Chrome_484501cd,Password,10,12,106,0,"HR Portal,Email"
U0320,user,Engineering,Bangalore,D0646,Windows 10_Chrome_7f65f8e2,Password,10,12,134,1,"GitHub,Finance DB,HR Portal,Email"
U0321,user,Sales,Hyderabad,D0143,macOS Sonoma_Chrome_e3ffac94,MFA,10,12,137,0,"VPN,HR Portal,Internal Server"
U0322,user,IT,Mumbai,D0142,macOS Sonoma_Firefox_eaa4820b,MFA,8,10,90,0,"VPN,Internal Server,Jira"
U0323,user,Engineering,Hyderabad,D0394,macOS Sonoma_Chrome_bb51eb8c,Password,10,12,94,0,"Internal Server,Email,GitHub,VPN"
U0324,service_account,Marketing,Bangalore,D0321,Windows 11_Edge_10ff3dfd,Password,8,10,143,1,"Jira,Database,Internal Server,Email"
U0325,user,Engineering,Pune,D0020,Windows 10_Edge_1d16df0d,Biometric,10,12,136,0,"Email,HR Portal,Finance DB,VPN"
U0326,edge_device,Sales,Pune,D0173,macOS Sonoma_Firefox_bc5f515a,MFA,10,12,174,0,"Internal Server,VPN,GitHub,Jira"
U0327,user,Marketing,Bangalore,D0663,Windows 10_Firefox_daf0a736,Password,8,10,83,0,"VPN,HR Portal,Internal Server"
U0328,user,IT,Hyderabad,D0313,Windows 11_Brave_5603b1c9,Password,10,12,66,0,"HR Portal,VPN,CRM,Email"
U0329,user,Support,Chennai,D0652,Windows 11_Chrome_5979aac2,Password,10,12,122,0,"Confluence,GitHub,Jira"
U0330,user,IT,Mumbai,D0013,macOS Sonoma_Chrome_63f8c7c0,Password,9,11,102,1,"GitHub,CRM"
U0331,user,Finance,Chennai,D0306,Ubuntu 22.04_Firefox_23c48d8b,Password,10,12,164,0,"Finance DB,Email,Confluence"
U0332,user,Engineering,Chennai,D0026,Windows 11_Edge_ea7f826f,Biometric,8,10,177,0,"VPN,GitHub,Finance DB"
U0333,user,Sales,Pune,D0520,Windows 11_Brave_a5edcac5,MFA,8,10,61,1,"VPN,Jira"
U0334,user,Finance,Mumbai,D0170,Windows 11_Firefox_07c3a83d,Password,8,10,179,0,"HR Portal,Email"
U0335,user,Engineering,Hyderabad,D0481,macOS Sonoma_Edge_a6a82f2e,MFA,9,11,161,0,"Jira,CRM,VPN,Confluence"
U0336,user,IT,Chennai,D0412,Ubuntu 22.04_Edge_fa5e1665,MFA,10,12,119,1,"Email,Database,HR Portal,Internal Server"
U0337,user,Finance,Chennai,D0246,Windows 11_Firefox_62ff34fb,Password,8,10,151,0,"Internal Server,VPN"
U0338,user,IT,Bangalore,D0299,Ubuntu 22.04_Chrome_55d236b1,Password,8,10,128,1,"Database,HR Portal"
U0339,user,Sales,Hyderabad,D0435,Ubuntu 22.04_Chrome_fef9d925,Password,10,12,149,0,"Jira,HR Portal"
U0340,user,Marketing,Pune,D0273,Windows 11_Chrome_f74dbce2,Biometric,9,11,61,0,"Database,CRM,Email"
U0341,user,Marketing,Chennai,D0155,Windows 10_Brave_429ae762,Biometric,9,11,84,0,"HR Portal,Confluence"
U0342,user,Support,Chennai,D0127,Windows 10_Edge_1f998596,Password,8,10,102,0,"Internal Server,Database"
U0343,user,HR,Hyderabad,D0540,Ubuntu 22.04_Chrome_42e3b41f,Password,10,12,71,1,"CRM,Internal Server,Confluence"
U0344,user,IT,Mumbai,D0342,Windows 11_Brave_e59b9737,Password,8,10,124,0,"GitHub,Jira"
U0345,user,Marketing,Pune,D0288,Windows 10_Chrome_44f83529,Password,9,11,87,0,"Database,Confluence"
U0346,user,IT,Mumbai,D0114,macOS Sonoma_Chrome_0934a81f,Password,8,10,121,0,"Finance DB,Email"
U0347,service_account,Finance,Mumbai,D0368,Windows 10_Brave_801fb8fd,Biometric,9,11,99,0,"HR Portal,Internal Server,Confluence,VPN"
U0348,user,Support,Chennai,D0174,Windows 11_Firefox_8ecd3665,Biometric,9,11,67,0,"Finance DB,HR Portal"
U0349,user,Engineering,Chennai,D0356,Ubuntu 22.04_Brave_262d66d8,Biometric,8,10,130,0,"Email,Confluence"
U0350,user,Support,Chennai,D0058,macOS Sonoma_Firefox_3c6679da,MFA,8,10,102,0,"Finance DB,CRM,Internal Server"
U0351,edge_device,HR,Hyderabad,D0444,macOS Sonoma_Edge_05779f09,Password,8,10,170,1,"Jira,HR Portal,VPN,GitHub"
U0352,user,Support,Bangalore,D0223,macOS Sonoma_Chrome_e1a9e880,Biometric,10,12,120,0,"Database,Jira,VPN"
U0353,user,IT,Bangalore,D0281,macOS Sonoma_Brave_d8a3f895,Password,9,11,73,0,"Jira,Confluence,Email"
U0354,user,HR,Pune,D0018,macOS Sonoma_Brave_d45e5fab,MFA,8,10,74,0,"HR Portal,Internal Server,Database"
U0355,user,Marketing,Chennai,D0406,macOS Sonoma_Edge_2da16d95,Password,8,10,105,1,"Finance DB,Confluence,Email"
U0356,user,Marketing,Pune,D0323,macOS Sonoma_Edge_ac6f53e1,Biometric,8,10,131,0,"CRM,Finance DB,Jira"
U0357,user,Engineering,Mumbai,D0256,macOS Sonoma_Chrome_69324ca0,Biometric,10,12,143,0,"Jira,Finance DB,Database"
U0358,user,Sales,Hyderabad,D0418,Ubuntu 22.04_Edge_19180687,Password,9,11,128,0,"CRM,Confluence,Internal Server"
U0359,user,Support,Chennai,D0671,macOS Sonoma_Firefox_cd4e0d5c,MFA,9,11,70,0,"Confluence,Email,HR Portal,CRM"
U0360,edge_device,HR,Bangalore,D0191,Ubuntu 22.04_Edge_755e2cd2,Password,10,12,78,1,"Jira,Database"
U0361,user,IT,Hyderabad,D0440,Windows 10_Edge_c569867f,Password,10,12,72,1,"Confluence,Email,HR Portal,VPN"
U0362,user,IT,Pune,D0618,Windows 11_Edge_5a7d9d80,Password,10,12,170,0,"GitHub,Internal Server"
U0363,user,Finance,Chennai,D0680,Windows 11_Chrome_f1e5d129,MFA,8,10,86,0,"CRM,GitHub"
U0364,user,Support,Chennai,D0095,macOS Sonoma_Edge_a6c996d7,MFA,10,12,128,0,"Database,HR Portal,Jira,Finance DB"
U0365,user,HR,Bangalore,D0181,macOS Sonoma_Edge_7c8494f1,MFA,9,11,66,1,"Jira,VPN"
U0366,user,Engineering,Mumbai,D0302,Windows 10_Brave_85daf956,Biometric,8,10,165,0,"CRM,GitHub,HR Portal,Confluence"
U0367,user,Engineering,Chennai,D0643,Windows 10_Chrome_a19caa6b,Password,9,11,152,0,"Confluence,VPN"
U0368,service_account,HR,Pune,D0513,Windows 10_Firefox_73e3ed4c,MFA,10,12,151,0,"Finance DB,CRM,Confluence,VPN"
U0369,user,Marketing,Mumbai,D0644,macOS Sonoma_Firefox_5047547b,Password,9,11,133,0,"HR Portal,GitHub,Database"
U0370,user,HR,Chennai,D0452,Windows 10_Edge_a4f7b3fe,MFA,10,12,151,0,"VPN,CRM,Internal Server,GitHub"
U0371,user,Finance,Mumbai,D0430,macOS Sonoma_Firefox_4cdb5dc0,Password,8,10,159,0,"Internal Server,GitHub,VPN"
U0372,user,IT,Bangalore,D0006,macOS Sonoma_Firefox_4e18262a,Password,8,10,175,0,"HR Portal,VPN"
U0373,user,Marketing,Hyderabad,D0687,macOS Sonoma_Brave_32f83fb9,Password,10,12,116,0,"Confluence,CRM,VPN,Email"
U0374,user,Marketing,Pune,D0046,Windows 10_Brave_66859c48,Biometric,8,10,73,0,"Confluence,Finance DB,Email"
U0375,user,HR,Pune,D0399,Windows 10_Chrome_0303bfaa,Biometric,9,11,175,0,"Finance DB,CRM,GitHub"
U0376,user,Support,Mumbai,D0527,Windows 11_Firefox_b820b0ba,MFA,9,11,60,0,"Jira,Finance DB,CRM,Database"
U0377,user,Marketing,Hyderabad,D0172,Ubuntu 22.04_Firefox_81ab8a8f,Password,8,10,164,0,"Jira,Email,HR Portal,Confluence"
U0378,user,Marketing,Pune,D0017,macOS Sonoma_Brave_d5b22c24,MFA,8,10,176,0,"Internal Server,Database"
U0379,user,Finance,Bangalore,D0049,Windows 10_Chrome_d6761727,Biometric,10,12,65,1,"CRM,Confluence"
U0380,user,Finance,Bangalore,D0677,Windows 10_Chrome_1f4fc57a,Password,9,11,114,1,"CRM,Internal Server,VPN,GitHub"
U0381,edge_device,Support,Pune,D0641,macOS Sonoma_Brave_db4d4d7d,MFA,10,12,153,0,"CRM,Email"
U0382,user,Engineering,Chennai,D0004,Windows 10_Chrome_e8bde69c,MFA,10,12,177,0,"Finance DB,Database,Email,CRM"
U0383,service_account,Sales,Mumbai,D0450,macOS Sonoma_Chrome_a63afd0b,Password,10,12,176,0,"Database,Jira,HR Portal,VPN"
U0384,edge_device,Support,Chennai,D0413,Windows 11_Edge_3bacbecf,MFA,8,10,74,0,"CRM,Internal Server,VPN,Database"
U0385,user,Engineering,Pune,D0317,Windows 10_Brave_12b60d93,Biometric,9,11,107,0,"VPN,HR Portal"
U0386,user,HR,Pune,D0645,Windows 10_Brave_29bf417d,Biometric,8,10,69,1,"Jira,Finance DB,CRM,Internal Server"
U0387,user,Sales,Bangalore,D0284,Ubuntu 22.04_Firefox_58a2115b,MFA,9,11,154,0,"CRM,Email,VPN"
U0388,user,Engineering,Hyderabad,D0504,macOS Sonoma_Edge_7f01f232,MFA,9,11,107,0,"CRM,Email,Internal Server,Database"
U0389,user,HR,Pune,D0286,macOS Sonoma_Chrome_6123cad5,Password,10,12,139,0,"Database,CRM,VPN"
U0390,edge_device,Sales,Mumbai,D0679,Windows 11_Brave_0957992e,Password,10,12,101,0,"GitHub,Internal Server"
U0391,user,Engineering,Chennai,D0226,Windows 10_Firefox_c0d2d4c8,Password,8,10,129,0,"CRM,Finance DB"
U0392,user,Engineering,Pune,D0027,Ubuntu 22.04_Brave_76fecd6a,Password,9,11,72,1,"Confluence,HR Portal"
U0393,user,Engineering,Mumbai,D0549,Ubuntu 22.04_Brave_cf637f05,MFA,10,12,86,0,"Finance DB,VPN"
U0394,user,Marketing,Mumbai,D0264,Ubuntu 22.04_Firefox_b80e37b4,Biometric,10,12,165,1,"VPN,Jira,Confluence,Database"
U0395,service_account,Sales,Bangalore,D0051,Ubuntu 22.04_Chrome_b8df1983,MFA,8,10,78,0,"Jira,Database"
U0396,user,HR,Chennai,D0365,Windows 11_Firefox_d6f8368a,Biometric,9,11,98,0,"CRM,Internal Server,HR Portal"
U0397,user,Sales,Bangalore,D0230,macOS Sonoma_Chrome_d98d80a2,Biometric,9,11,156,0,"GitHub,HR Portal,Database"
U0398,user,HR,Mumbai,D0038,Windows 10_Edge_9d847879,Biometric,8,10,110,1,"Database,Internal Server,Confluence"
U0399,user,Marketing,Hyderabad,D0158,macOS Sonoma_Chrome_86bd677a,Biometric,9,11,83,0,"Confluence,GitHub,CRM"
U0400,user,Sales,Bangalore,D0238,macOS Sonoma_Edge_8a2d1290,MFA,9,11,137,0,"HR Portal,Jira,Database"
U0401,user,Finance,Pune,D0672,Windows 10_Firefox_377495cc,Password,8,10,101,0,"Database,Confluence"
U0402,user,Sales,Mumbai,D0375,macOS Sonoma_Firefox_0f62afe4,Biometric,8,10,120,1,"Jira,Confluence,HR Portal,Internal Server"
U0403,user,Sales,Chennai,D0371,Windows 11_Brave_dc77bde6,Biometric,9,11,88,1,"Confluence,GitHub,VPN"
U0404,user,Marketing,Bangalore,D0176,Ubuntu 22.04_Edge_de830d68,Biometric,9,11,120,0,"Confluence,Jira,Database"
U0405,user,IT,Mumbai,D0604,macOS Sonoma_Chrome_7935a388,MFA,9,11,145,0,"VPN,Jira,HR Portal"
U0406,user,HR,Chennai,D0482,Windows 10_Chrome_caf6d2a4,Password,8,10,64,1,"Database,CRM,VPN,HR Portal"
U0407,user,HR,Hyderabad,D0515,Windows 10_Firefox_99cb59ef,Password,8,10,157,0,"GitHub,Email,Jira"
U0408,user,Finance,Hyderabad,D0195,Windows 10_Brave_c77af885,MFA,10,12,144,0,"Database,CRM,HR Portal"
U0409,user,IT,Pune,D0595,Windows 11_Brave_3a85b3d4,MFA,9,11,81,0,"HR Portal,Database,Internal Server,Jira"
U0410,user,Support,Pune,D0603,Windows 11_Edge_1aaac987,Biometric,10,12,74,0,"GitHub,HR Portal"
U0411,user,IT,Bangalore,D0426,Windows 11_Brave_565daaf1,MFA,9,11,71,0,"Finance DB,Confluence,GitHub"
U0412,user,HR,Chennai,D0446,Windows 11_Brave_4b8c5c93,Biometric,9,11,127,0,"GitHub,Confluence,Email"
U0413,user,Support,Chennai,D0449,Windows 11_Edge_7b678dab,MFA,9,11,151,0,"VPN,Email,Database,Internal Server"
U0414,user,Marketing,Chennai,D0676,macOS Sonoma_Brave_50da8403,MFA,10,12,166,0,"VPN,Internal Server"
U0415,user,Support,Bangalore,D0582,Ubuntu 22.04_Firefox_7593d349,MFA,9,11,164,0,"Jira,VPN,Internal Server"
U0416,user,Finance,Mumbai,D0653,Windows 11_Firefox_a301278e,Biometric,8,10,130,0,"GitHub,Finance DB,Database,Confluence"
U0417,user,Engineering,Bangalore,D0068,Windows 10_Edge_fedf32b8,Password,9,11,84,0,"HR Portal,Jira,VPN,Internal Server"
U0418,user,Sales,Hyderabad,D0536,Windows 11_Firefox_f5d3aa99,Biometric,10,12,110,0,"Database,Finance DB"
U0419,user,Engineering,Hyderabad,D0169,macOS Sonoma_Firefox_9fe98339,MFA,8,10,92,0,"CRM,Email"
U0420,user,Marketing,Hyderabad,D0448,Windows 11_Firefox_173b1278,Biometric,8,10,79,0,"Email,Confluence"
U0421,user,Engineering,Pune,D0163,Windows 10_Firefox_e16b5e73,Biometric,8,10,81,0,"Database,CRM,GitHub"
U0422,user,Marketing,Chennai,D0310,macOS Sonoma_Brave_2431c38c,Biometric,8,10,109,0,"Jira,VPN,GitHub,HR Portal"
U0423,user,IT,Mumbai,D0194,macOS Sonoma_Firefox_20dcda31,MFA,9,11,105,0,"Internal Server,CRM"
U0424,user,Support,Chennai,D0480,macOS Sonoma_Brave_65cac93c,Password,8,10,171,0,"Database,VPN"
U0425,user,Engineering,Mumbai,D0366,macOS Sonoma_Firefox_80caf57b,Password,10,12,92,0,"VPN,GitHub,CRM"
U0426,edge_device,HR,Pune,D0384,Windows 10_Brave_6e49cc14,Biometric,8,10,146,0,"HR Portal,VPN,Jira,Internal Server"
U0427,user,Support,Pune,D0631,Windows 11_Edge_6aa01c15,Biometric,8,10,98,0,"Database,GitHub,Jira"
U0428,user,Marketing,Mumbai,D0498,Windows 11_Edge_cc462f40,Biometric,8,10,101,0,"Confluence,Jira,VPN"
U0429,user,IT,Bangalore,D0153,macOS Sonoma_Brave_121a352d,MFA,9,11,166,0,"GitHub,Internal Server,Jira,Email"
U0430,user,HR,Chennai,D0599,Ubuntu 22.04_Edge_3f23d6a0,MFA,8,10,99,0,"Email,Finance DB,HR Portal,Confluence"
U0431,user,Support,Bangalore,D0605,Ubuntu 22.04_Brave_74bde614,Biometric,10,12,68,0,"Jira,Finance DB,CRM"
U0432,user,Finance,Bangalore,D0227,macOS Sonoma_Chrome_fe998419,MFA,8,10,178,1,"VPN,Finance DB,GitHub"
U0433,user,Sales,Chennai,D0458,Windows 10_Brave_95eb1ae4,MFA,10,12,149,0,"Finance DB,HR Portal,CRM,Email"
U0434,user,Marketing,Chennai,D0559,Windows 11_Edge_5bf0bf7d,MFA,10,12,103,0,"Internal Server,CRM"
U0435,user,Finance,Hyderabad,D0104,macOS Sonoma_Chrome_3d7845c6,Password,10,12,135,1,"Internal Server,VPN,Finance DB"
U0436,user,IT,Chennai,D0422,Windows 11_Firefox_28e3d2a1,MFA,10,12,85,0,"CRM,Internal Server"
U0437,user,Support,Hyderabad,D0616,Windows 10_Edge_3b575267,Password,8,10,100,1,"Email,HR Portal,Internal Server,Jira"
U0438,user,Marketing,Chennai,D0529,Windows 10_Firefox_ce97c1bb,Biometric,8,10,141,0,"Confluence,GitHub,Internal Server,Email"
U0439,edge_device,Marketing,Mumbai,D0075,Windows 10_Edge_a3c9de83,MFA,10,12,74,1,"Internal Server,HR Portal,VPN"
U0440,edge_device,Finance,Pune,D0116,Ubuntu 22.04_Chrome_deb30325,Password,9,11,135,0,"GitHub,VPN,Finance DB"
U0441,user,Finance,Chennai,D0408,Windows 10_Firefox_5bc9869b,Biometric,9,11,95,1,"Email,Jira,Database"
U0442,user,HR,Hyderabad,D0675,Windows 11_Brave_4825de7e,Biometric,9,11,113,1,"VPN,Confluence"
U0443,user,Finance,Chennai,D0120,Windows 10_Brave_0d10e9dd,Biometric,8,10,130,1,"Database,HR Portal"
U0444,user,HR,Mumbai,D0054,macOS Sonoma_Brave_0ead9623,Password,8,10,145,0,"GitHub,Database,CRM"
U0445,service_account,Engineering,Pune,D0152,Windows 11_Firefox_444b85ee,Biometric,8,10,137,0,"GitHub,Internal Server,Finance DB"
U0446,user,Sales,Chennai,D0404,macOS Sonoma_Firefox_e8e23db6,Password,10,12,77,0,"GitHub,VPN"
U0447,user,IT,Hyderabad,D0660,Windows 11_Brave_5443efdf,Biometric,9,11,75,0,"Finance DB,Jira,GitHub"
U0448,user,Marketing,Pune,D0208,macOS Sonoma_Chrome_01eda8dc,Password,10,12,149,1,"Database,Finance DB"
U0449,user,HR,Chennai,D0689,Windows 10_Edge_c90d0f00,Biometric,9,11,112,1,"Finance DB,Confluence,VPN,HR Portal"
U0450,user,Engineering,Hyderabad,D0489,Ubuntu 22.04_Chrome_0cdfaf97,Password,8,10,124,0,"HR Portal,Database,CRM,GitHub"
U0451,user,HR,Pune,D0469,macOS Sonoma_Chrome_41275bd1,MFA,8,10,175,1,"Internal Server,CRM,GitHub,HR Portal"
U0452,user,Engineering,Bangalore,D0539,macOS Sonoma_Edge_ba968f35,Biometric,8,10,98,1,"CRM,Email"
U0453,service_account,Sales,Pune,D0009,Ubuntu 22.04_Chrome_31454a36,Password,9,11,180,1,"GitHub,Confluence,CRM"
U0454,user,Sales,Bangalore,D0648,Ubuntu 22.04_Firefox_e955b747,Biometric,9,11,66,0,"Database,CRM,VPN,Confluence"
U0455,user,Engineering,Hyderabad,D0037,Ubuntu 22.04_Brave_88fc707c,Password,10,12,83,1,"Internal Server,GitHub"
U0456,user,Engineering,Chennai,D0453,Windows 10_Firefox_52fe1535,Password,8,10,140,0,"Jira,Confluence,GitHub"
U0457,user,Support,Hyderabad,D0140,Windows 10_Firefox_f95aca4e,MFA,8,10,78,0,"Finance DB,CRM,HR Portal"
U0458,user,Sales,Pune,D0254,Ubuntu 22.04_Brave_ac0582e2,Password,9,11,158,0,"VPN,CRM,Email,Jira"
U0459,edge_device,Sales,Mumbai,D0304,Ubuntu 22.04_Edge_749d7ccd,Password,8,10,99,0,"GitHub,HR Portal"
U0460,user,Marketing,Hyderabad,D0634,macOS Sonoma_Brave_86e8b2ea,MFA,9,11,91,1,"CRM,VPN"
U0461,user,Engineering,Bangalore,D0528,Windows 10_Edge_bdd98db3,Biometric,8,10,82,0,"Jira,CRM"
U0462,user,Sales,Chennai,D0369,macOS Sonoma_Brave_6fad54ed,Biometric,8,10,157,0,"Confluence,HR Portal,GitHub,Jira"
U0463,user,Finance,Mumbai,D0060,macOS Sonoma_Edge_d0e9e0a8,Biometric,10,12,179,0,"Email,Finance DB,HR Portal,Internal Server"
U0464,user,Engineering,Hyderabad,D0112,Windows 11_Brave_82ae9f2e,MFA,10,12,136,0,"VPN,Finance DB,CRM,Email"
U0465,user,HR,Chennai,D0491,Ubuntu 22.04_Edge_d6cc76aa,Password,8,10,151,0,"VPN,Jira"
U0466,user,HR,Hyderabad,D0661,Ubuntu 22.04_Chrome_80c33da2,MFA,9,11,75,0,"Confluence,CRM"
U0467,user,Engineering,Bangalore,D0495,Windows 11_Edge_dd044c4b,Password,9,11,160,1,"GitHub,CRM,Confluence"
U0468,service_account,IT,Mumbai,D0263,Windows 11_Brave_6dadb292,Biometric,9,11,170,1,"Internal Server,Confluence,GitHub"
U0469,user,Sales,Pune,D0588,Windows 10_Chrome_312f37a6,Password,9,11,76,0,"VPN,Finance DB,Email,Confluence"
U0470,user,IT,Mumbai,D0298,macOS Sonoma_Brave_e49746da,MFA,8,10,92,0,"Finance DB,Email,CRM"
U0471,user,Support,Bangalore,D0415,Windows 10_Brave_df509422,Biometric,10,12,62,1,"GitHub,Confluence"
U0472,user,Support,Hyderabad,D0151,Ubuntu 22.04_Chrome_30fad530,Biometric,8,10,66,0,"HR Portal,Database,Jira,Internal Server"
U0473,service_account,Marketing,Hyderabad,D0434,Ubuntu 22.04_Firefox_f18e328e,Password,9,11,61,0,"CRM,Confluence,Jira"
U0474,user,Sales,Pune,D0555,Ubuntu 22.04_Firefox_4fe68dba,Password,9,11,125,1,"Finance DB,HR Portal,VPN"
U0475,user,Marketing,Chennai,D0441,Ubuntu 22.04_Chrome_5cc18e56,Password,9,11,92,0,"Internal Server,Database,Confluence"
U0476,user,Engineering,Pune,D0666,Ubuntu 22.04_Edge_9f63ae32,Biometric,10,12,137,0,"Internal Server,GitHub,CRM"
U0477,user,HR,Hyderabad,D0267,Windows 11_Edge_e99c6ec9,MFA,8,10,60,1,"VPN,Database"
U0478,user,Support,Pune,D0609,Windows 10_Brave_2ebc0419,Password,8,10,77,0,"HR Portal,Email"
U0479,edge_device,HR,Pune,D0360,Windows 10_Edge_143ea861,Password,9,11,156,1,"Email,Finance DB,Internal Server,HR Portal"
U0480,user,HR,Chennai,D0621,Windows 11_Firefox_f7dd8651,MFA,8,10,80,1,"Email,Database,Finance DB,CRM"
U0481,user,HR,Pune,D0039,Windows 11_Firefox_cee12279,MFA,10,12,180,1,"GitHub,Internal Server,Email,Finance DB"
U0482,user,Support,Hyderabad,D0128,Windows 11_Chrome_cb1d042c,Biometric,9,11,104,0,"HR Portal,Jira,Confluence"
U0483,user,Engineering,Chennai,D0424,Ubuntu 22.04_Brave_02284522,Password,8,10,86,0,"Database,GitHub,CRM"
U0484,user,IT,Chennai,D0417,Windows 10_Chrome_b950b3ef,Password,8,10,78,0,"HR Portal,Finance DB,CRM"
U0485,user,Sales,Mumbai,D0308,Windows 11_Edge_7d374186,Biometric,9,11,65,0,"Database,Confluence,GitHub"
U0486,user,Finance,Mumbai,D0199,macOS Sonoma_Edge_68156c2f,Biometric,9,11,105,1,"Confluence,Database"
U0487,user,Marketing,Pune,D0352,Ubuntu 22.04_Firefox_384425f5,Password,8,10,124,0,"CRM,Internal Server,Database"
U0488,user,Support,Chennai,D0496,Ubuntu 22.04_Edge_6326ed32,MFA,8,10,84,0,"Internal Server,VPN,Confluence"
U0489,user,IT,Pune,D0147,Windows 10_Chrome_f9be9a4b,MFA,9,11,101,0,"Email,HR Portal,Finance DB"
U0490,user,HR,Pune,D0451,Windows 10_Brave_218db6bb,MFA,10,12,171,0,"Internal Server,Finance DB,HR Portal,GitHub"
U0491,user,Sales,Hyderabad,D0649,Windows 10_Chrome_b145f964,Biometric,9,11,142,0,"CRM,GitHub,Confluence,Internal Server"
U0492,user,Marketing,Pune,D0524,Ubuntu 22.04_Brave_3b513586,Biometric,8,10,89,0,"Database,Internal Server,Email"
U0493,user,IT,Pune,D0420,Windows 11_Chrome_09aad988,Biometric,9,11,92,1,"CRM,GitHub,HR Portal"
U0494,user,Sales,Hyderabad,D0443,Ubuntu 22.04_Firefox_06ff6bc2,Password,10,12,105,1,"CRM,Internal Server,Confluence"
U0495,user,Support,Bangalore,D0623,Windows 11_Chrome_311c5bac,Password,10,12,94,0,"GitHub,HR Portal,Database,VPN"
U0496,user,HR,Hyderabad,D0148,Windows 11_Brave_43a95f44,Password,9,11,168,0,"Database,Internal Server,Confluence"
U0497,edge_device,Finance,Mumbai,D0548,Windows 11_Chrome_41971fe0,Password,9,11,90,0,"GitHub,VPN,Internal Server"
U0498,user,Sales,Chennai,D0349,Windows 10_Chrome_8812e1fa,Password,10,12,82,1,"GitHub,Confluence"
U0499,user,Sales,Hyderabad,D0464,Ubuntu 22.04_Brave_24eb6fb9,Password,9,11,93,1,"VPN,Jira"
U0500,service_account,Finance,Pune,D0326,Ubuntu 22.04_Brave_85183773,MFA,9,11,110,1,"Email,GitHub,Jira"
